positive_faces,negative_faces,positive_places,negative_places,positive_animals,negative_animals,produce,household_items
AD_7950.png,004_o_m_a_a.png,10557.jpg,28286.jpg,ape1.png,alligator1.png,abatefetalpear.png,03ba8301.png
AF01_HC.png,006_y_m_a_a.png,31237.jpg,40944.jpg,asianelephant.png,alligator2.png,acorn.png,adjustablewrench01b.png
AF01_HO.png,079_o_f_a_a.png,39472.jpg,abandoned1.jpg,babybear1.png,alligator3.png,acornsquash1.png,airconditioner.png
AF02_HC.png,116_m_m_a_a.png,44485.jpg,abandoned2.jpg,babybird1.png,alligator4.png,acornsquash2.png,alarmclock01.png
AF02_HO.png,140_y_f_a_a.png,acadia_park.jpg,abandoned3.jpg,babybird2.png,alligator5.png,almond.png,antenna.png
AF03_HC.png,AD_9681-lo.png,appalachian_1.png,abandoned4.jpg,babybird3.png,alligator6.png,almonds.png,armchair.png
AF03_HO.png,AF01_AC.png,appalachian_2.png,abandoned5.jpg,babybird4.png,alligator7.png,aloevera1.png,armchair02.png
AF05_HC.png,AF01_AO.png,arches_national_park_2.png,abandoned6.jpg,babybunny1.png,Amphibian_2_masked.png,anise1.png,ashtray01.png
AF05_HO.png,AF01ANS.png,arizona_horseshoe_bend_1.png,abandoned7.jpg,babycamel1.png,Amphibian_4_masked.png,apple03b.png,avcable.png
AF06_HC.png,AF02_AC.png,aurora_borealis_1.png,abandoned8.jpg,babycheetah1.png,amphibian3.png,apple07.png,axe.png
AF06_HO.png,AF02_AO.png,aurora_borealis_3.png,abandoned9.jpg,babycheetah2.png,angrybear1.png,apricot.png,axe01.png
AF07_HC.png,AF02ANS.png,bamboo_forest_1.png,abandoned10.jpg,babychipmunk1.png,angrybear2.png,artichoke.png,backpack01a.png
AF07_HO.png,AF03_AC.png,banff_canada_3.png,abandoned11.jpg,babychipmunk2.png,angrydog1.png,artichoke01b.png,bagtie.png
AF08_HC.png,AF03_AO.png,baslatic_prisms_1.png,alcatraz1.jpg,babychipmunk3.png,angrydog2.png,Artichoke2.png,ball.png
AF08_HO.png,AF03ANS.png,Beach 1.jpg,alcatraz2.jpg,babychipmunk4.png,angrydog3.png,arugula.png,bandage.png
AF09_HC.png,AF04ANS.png,Beach 2.jpg,alley1.jpg,babychipmunk5.png,ant1.png,asianpair.png,bandaid01.png
AF09_HO.png,AF05_AC.png,Beach 3.jpg,alley2.jpg,babycougar1.png,ant2.png,asparagus.png,barbecue03.png
AF10_HC.png,AF05_AO.png,Beach 8.jpg,alley3.jpg,babycougar2.png,ant3.png,avocado01.png,barbecuelighter.png
AF10_HO.png,AF05ANS.png,bell_rock_3.png,alley4.jpg,babycow1.png,ant4.png,Avocado2.png,bastingbrush.png
AF11_HC.png,AF06_AC.png,Big_Ben.jpg,Ambulance 2.jpg,babycow2.png,ant5.png,babaco.png,bathtub.png
AF11_HO.png,AF06_AO.png,big_bend_1.png,Ambulance 3.jpg,babycow3.png,ant6.png,banana.png,battery02b.png
AF12_HC.png,AF06ANS.png,big_bend_2.png,ambulance1.png,babycrane1.png,ant7.png,banana04a.png,bed.png
AF12_HO.png,AF07_AC.png,big_bend_3.png,ambulance2.jpg,babycrane2.png,ant8.png,Bananapepper.png,bedside_table.png
AG_0086.png,AF07_AO copy.png,Birthday 3.jpg,ambulance3.jpg,babydeer_.png,anteater1.png,basilleaves.png,bench01.png
AM01_HC.png,AF07ANS.png,black_sand_beach_1.png,ambulance4.jpg,babydeer1.png,armadillo1.png,bayleaf.png,bicycle.png
AM01_HO.png,AF08_AC.png,blue_bonnets_texas_3.png,Animal carcass 1.jpg,babydeer2.png,armadillo2.png,beat.png,bikelock.png
AM02_HC.png,AF08_AO.png,blue_mosque.jpg,Animal carcass 5.jpg,babydeer3.png,armadillo3.png,beeftomato.png,bikepump01.png
AM02_HO.png,AF08ANS.png,Boat 1.jpg,ashes1.jpg,babydeer4.png,armadillo4.png,beetroot.png,binder03b.png
AM03_HC.png,AF09_AC.png,bourkes_luck_potholes_1.png,aushwitz1.jpg,babydonkey1.png,armadillo5.png,bittermelonsquash.png,binoculars01b.png
AM03_HO.png,AF09_AO.png,Bridge 1.jpg,aushwitz2.png,babyduck1.png,ayeaye1.png,bitterorange.png,binoculars02a.png
AM04_HC.png,AF09ANS.png,cairgorms_park_1.png,barbedwire1.png,babyduck2.png,ayeaye2.png,Blackbeans.png,birthdaycandle.png
AM04_HO.png,AF10_AC.png,cairgorms_park_3.png,barbedwire2.png,babyelephant1.png,bat1.png,blackberry.png,bit.png
AM05_HC.png,AF10_AO.png,Camping 10.jpg,broken1.jpg,babyelephant2.png,bat2.png,blackberry2.png,bleachbottle.png
AM05_HO.png,AF10ANS.png,cape_horn_1.jpg,broken2.jpg,babyelephant3.png,bat3.png,blackcurrant.png,blender.png
AM06_HC.png,AF11_AC.png,Cape_Horn.jpg,broken3.jpg,babyflamingo1.png,bat4.png,blackolive.png,bolt01a.png
AM06_HO.png,AF11_AO.png,cape_of_good_hope.jpg,Car accident 4.jpg,babyflamingo3.png,Bear_1_masked.png,blackplum.png,boltcutter.png
AM07_HC.png,AF11ANS.png,Cappadocia.png,Car crash 1.jpg,babyfox1.png,Bear_6_masked.png,blackplumcot.png,book01b.png
AM07_HO.png,AF12_AC.png,capri_1.png,Car crash 2.jpg,babyfox2.png,Bear_13_masked.png,blackradish.png,bookcase.png
AM08_HC.png,AF12_AO.png,chicago.jpg,Car crash 3.jpg,babyfox3.png,bear2.png,Bloodorange.png,bookshelf.png
AM08_HO.png,AF12ANS.png,Chrysler_Building.jpg,caraccident1.png,babyfox4.png,bear3.png,Blueberries.png,bottleopener01.png
AM09_HC.png,AF13ANS.png,City 1.jpg,caraccident2.png,babyfox5.png,bear4.png,blueberry01.png,bowl02a.png
AM09_HO.png,AF14ANS.png,CN_Tower.jpg,caraccident3.png,babygiraffe1.png,bear5.png,Bluegrape.png,bowrake.png
AM10_HC.png,AF15ANS.png,Cold 7.jpg,caraccident4.png,babygiraffe2.png,bear6.png,bockchoy1.png,boxcutter03a.png
AM10_HO.png,AF16ANS.png,Colosseum.jpg,carcrash1.jpg,babygoat1.png,bear7.png,bosc pear.png,breadknife.png
AM11_HC.png,AF17ANS.png,Cot_HOU_086.jpg,carcrash2.jpg,babygoat2.png,beetle1.png,boysenberry.png,broom01.png
AM11_HO.png,AF18ANS.png,Cot_HOU021.jpg,carcrash3.jpg,babygoat4.png,beetle2.png,brazilnuts1.png,bucket01a.png
BF01_HC.png,AF19ANS.png,Cot_SPE_021.jpg,carcrash4.jpg,babyguineapig1.png,beetle3.png,Breadfruit.png,bungeecord02.png
BF01_HO.png,AF20ANS.png,CotBUI_030.jpg,carcrash5.jpg,babyhamster1.png,beetle4.png,broccoli.png,button02.png
BF02_HC.png,AF21ANS.png,CotHOU_020.jpg,carcrash6.jpg,babyhamster2.png,beetle5.png,broccoli01a.png,calculator01.png
BF02_HO.png,AF22ANS.png,CotHOU_025.jpg,carcrash7.png,babyhamster3.png,beetle6.png,brusselsprouts1.png,calendar.png
BF03_HC.png,AF23ANS.png,CotSPE_023.jpg,Cemetery 3.jpg,babyhamster4.png,beetle7.png,brusselssprout.png,candle08b.png
BF03_HO.png,AF24ANS.png,cotton_castle_1.png,Cemetery 4.jpg,babyhawk1.png,beetle8.png,bulb_pixabay.png,candleholder02.png
BF04_HC.png,AF25ANS.png,CotVIL_009.jpg,Cemetery 5.jpg,babyhorse1.png,beetle9.png,bulbonion1.png,cane.png
BF04_HO.png,AF26ANS.png,CotVIL_013.jpg,cemetery.jpg,babyhorse2.png,beetle10.png,burdockroot1.png,canoftennisballs.png
BF05_HC.png,AF27ANS.png,dark_hedges_1.png,cemetery1.jpg,babyhorse3.png,beetle11.png,burdockroot2.png,caulking.png
BF05_HO.png,AF28ANS.png,Dead_Sea.jpg,cemetery2.jpg,babyhorse4.png,blackbear1.png,butternutsquash.png,cd.png
BF06_HC.png,AF29ANS.png,Disneyland.jpg,cemetery3.jpg,babylamb1.png,blacksnake1.png,button mushroom.png,chain1.png
BF06_HO.png,AF30ANS.png,Dock 1.jpg,cemetery4.png,babylamb2.png,blackspottedlonghornbeetle1.png,cabbage_1.png,chainsaw.png
BF07_HC.png,AF31ANS.png,Eiffel_Tower.jpg,cemetery5.jpg,babylamb3.png,blackwidow1.png,cabbage.png,chair.png
BF07_HO.png,AF32ANS.png,elafonissi_beach_1.png,cemetery6.jpg,babylemur2.png,blindworm1.png,cactusfruit.png,chandelier.png
BF08_HC.png,AF33ANS.png,elafonissi_beach_2.png,cemetery7.jpg,babylion1.png,boar1.png,canarymelon.png,cheeseknife.png
BF08_HO.png,AF34ANS.png,elafonissi_beach_3.png,cemetery8.jpg,babylion2.png,boar2.png,cantaloupe.png,cherrypicker.png
BF09_HC.png,AF35ANS.png,EM0037.jpg,cemetery9.jpg,babymeerkat1.png,boar3.png,cantaloupe01.png,chess.png
BF09_HO.png,AG_1314.png,EM0057.jpg,cemetery10.jpg,babymeerkat2.png,budgettfrog2.png,cantaloupe02.png,chestofdrawers.png
BF10_HC.png,AM01_AC.png,EM0059.jpg,Child labor 4.jpg,babymonkey1.png,budgettfrogs1.png,cardoon.png,chisel.png
BF10_HO.png,AM01_AO.png,EM0060.jpg,coffins1.jpg,babymonkey2.png,buffalo1.png,carrot01.png,chisel01b.png
BF12_HC.png,AM01ANS.png,EM0062.jpg,Cold 1.jpg,babymonkey3.png,buffalo2.png,carrot2.png,chisel02b.png
BF12_HO.png,AM02_AC.png,EM0106.jpg,creepy1.jpg,babymonkey4.png,buffalo3.png,carrot02.png,cleaver01.png
BF13_AC.png,AM02_AO.png,EM0112.jpg,demolition1.jpg,babymonkey5.png,bug1.png,carrots.png,clock04.png
BF13_HC.png,AM02ANS.png,EM0125.jpg,demolition2.jpg,babymonkey6.png,bug3.png,casabamelon.png,clothesdryingrack.png
BF13_HO.png,AM03_AC.png,EM0130.jpg,demolition3.jpg,babymonkey7.png,bug4.png,cashew.png,clothespin03b.png
BF14_HC.png,AM03_AO.png,EM0141.jpg,demolition4.jpg,babymouse1.png,bull1.png,cauliflower.png,coathook.png
BF14_HO.png,AM03ANS.png,EM0149.jpg,demolition5.jpg,babyowl1.png,bull2.png,cauliflower01.png,coatrack.png
BF15_HC.png,AM04_AC.png,EM0150.jpg,demolition6.jpg,babyowl2.png,bull3.png,celery_1.png,codedoorlock.png
BF15_HO.png,AM04_AO.png,EM0151.jpg,demolition7.jpg,babyowl3.png,cellarrattler1.png,celery.png,coffeemaker.png
BF16_HC.png,AM04ANS.png,EM0166.jpg,demolition8.jpg,babyowl4.png,centipede1.png,celeryroot.png,coffeepot03a.png
BF16_HO.png,AM05_AC.png,EM0173.jpg,demolition9.jpg,babypanda1.png,centipede2.png,chard.png,coking_pot.png
BF17_HC.png,AM05_AO.png,EM0177.jpg,demolition10.jpg,babypanda2.png,centipede3.png,charentais.png,cold_chisel.png
BF17_HO.png,AM05ANS.png,EM0178.jpg,Desert 1.jpg,babypenguin2.png,centipede4.png,chayotesquash.png,comb02ac.png
BF18_HC.png,AM06_AC.png,EM0221.jpg,Destruction 1.jpg,babypenguin4.png,centipede5.png,cherimoya.png,computerkeyboard02.png
BF18_HO.png,AM06_AO.png,EM0270.jpg,Destruction 2.jpg,babypig1.png,centipede6.png,cherry01.png,computermouse06.png
BF19_HC.png,AM06ANS.png,EM0271.jpg,Destruction 3.jpg,babypig3.png,centipede7.png,cherrytomato01.png,cookiecutter.png
BF19_HO.png,AM07_AC.png,EM0272.jpg,Destruction 4.jpg,babypig4.png,cheetah1.png,chesnuts.png,cooler.png
BF20_HC.png,AM07_AO.png,EM0273.jpg,Destruction 5.jpg,babyprairiedog1.png,cicada1.png,chestnut.png,corkboard.png
BF20_HO.png,AM07ANS.png,EM0291.jpg,Destruction 7.jpg,babyraccoon1.png,cobra2.png,chickpea1.png,corkscrew03a.png
BF21_HC.png,AM08_AC.png,EM0296.jpg,Destruction 8.jpg,babyraccoon2.png,cobrasnake3.png,chilipepper.png,cottonpad.png
BF21_HO.png,AM08_AO.png,EM0297.jpg,Destruction 9.jpg,babyseal1.png,cobrasnake4.png,chillipepper.png,couch02.png
BM01_HC.png,AM08ANS.png,EM0298.jpg,Destruction 10.jpg,babyseal2.png,cobrasnake5.png,chives.png,cup.png
BM01_HO.png,AM09_AC.png,EM0299.jpg,destruction1.jpg,babyseal3.png,cobrasnake6.png,cilantro.png,curlingiron01.png
BM02_HC.png,AM09_AO.png,EM0300.jpg,destruction2.jpg,babysheep1.png,cobrasnake7.png,cilantro2.png,cutleryset.png
BM02_HO.png,AM09ANS.png,EM0303.jpg,destruction3.jpg,babysheep2.png,cockroach1.png,cinnabarmushroom.png,cuttingboard.png
BM03_HC.png,AM10_AC.png,EM0304.jpg,destruction4.jpg,babysheep3.png,cockroach2.png,clementine.png,cuttingpliers02.png
BM03_HO.png,AM10_AO.png,EM0305.jpg,dump1.jpg,babysquirrel1.png,cockroach3.png,coconut.png,dartboard.png
BM04_HC.png,AM10ANS.png,EM0306.jpg,dump2.jpg,babysquirrel2.png,cockroach4.png,collards.png,deckfroplayingcards.png
BM04_HO.png,AM11_AC.png,EM0307.jpg,dump3.jpg,babysquirrel3.png,cockroach5.png,colorG02.png,demolitionhammer.png
BM05_HC.png,AM11_AO.png,EM0308.jpg,dump4.jpg,babysquirrel4.png,cockroach6.png,colorG05-1.png,dentalfloss.png
BM05_HO.png,AM11ANS.png,EM0309.jpg,dump5.jpg,babyswan2.png,coconutcrab1.png,colorG05.png,deodorant.png
BM06_HC.png,AM12ANS.png,EM0311.jpg,dump6.jpg,babyturtle2.png,coconutcrab2.png,colorG06.png,desktopcomputer.png
BM06_HO.png,AM13ANS.png,EM0312.jpg,dump7.jpg,babyzebra2.png,cookiecuttershark1.png,colorG07-1.png,diaperbag.png
BM07_HC.png,AM14ANS.png,EM0415.jpg,EM0001.jpg,badger1.png,cornsnake1.png,colorG07.png,dice.png
BM07_HO.png,AM15ANS.png,EM0429.jpg,EM0034.jpg,baldeagle1.png,cougar1.png,ColorG08.png,dishrack.png
BM08_HC.png,AM16ANS.png,EM0524.jpg,EM0070.jpg,baldeagle2.png,cougar2.png,colorG09.png,dishsoap.png
BM08_HO.png,AM17ANS.png,EM0526.jpg,EM0119.jpg,barnowl.png,cougar3.png,colorG11-2.png,doghouse.png
BM09_HC.png,AM18ANS.png,EM0688.jpg,EM0120.jpg,Bird_6_masked.png,crab1.png,colorG11.png,doorbold.png
BM09_HO.png,AM19ANS.png,EM0689.jpg,EM0121.jpg,Bird_42_masked.png,Crabs_7_masked.png,colorG12.png,drainplug.png
BM11_HC.png,AM20ANS.png,EM0693.jpg,EM0122.jpg,Bird_68_masked.png,cricket1.png,colorG13.png,dresser02.png
BM11_HO.png,AM21ANS.png,EM0696.jpg,EM0123.jpg,bird1.png,crocodile2.png,colorG14.png,drill01.png
BM12_HC.png,AM22ANS.png,EM0699.jpg,EM0124.jpg,bird2.png,crocodile3.png,colorG15.png,drillbit03.png
BM12_HO.png,AM23ANS.png,EM0702.jpg,EM0169.jpg,bird3.png,crocodile4.png,colorG17-1.png,dryingmachine.png
BM13_HC.png,AM24ANS.png,EM0705.jpg,EM0245.jpg,bird4.png,crocodile10.png,colorG17.png,ducttape.png
BM13_HO.png,AM25ANS.png,EM0731.jpg,EM0313.jpg,bird5.png,daddylonglegs1.png,colorG18.png,dustpan.png
BM14_HC.png,AM26ANS.png,EM0750.JPG,EM0314.jpg,bird6.png,earthworm1.png,colorG20.png,dvdcase.png
BM14_HO.png,AM27ANS.png,EM0752.jpg,EM0319.jpg,bird7.png,earthworm2.png,Colorg21.png,e1_s1.png
BM15_HC.png,AM28ANS.png,EM0766.jpg,EM0320.jpg,bird8_.png,earthworm3.png,colorg22.png,e1_s2.png
BM15_HO.png,AM29ANS.png,EM0767.jpg,EM0330.jpg,bird11.png,eel1.png,colorg23.png,e2_s1.png
BM16_HC.png,AM30ANS.png,EM0798.jpg,EM0347.jpg,bluejay.png,eel2.png,colorG24.png,e2_s2.png
BM16_HO.png,AM31ANS.png,emerald_lake_1.png,EM0356.jpg,bluetit1.png,eel3.png,colorg25.png,eggplant.png
BM17_HC.png,AM32ANS - Copy.png,emerald_lake_2.png,EM0357.jpg,bunny1.png,eel4.png,colorg26.png,electricoutlet.png
BM17_HO.png,AM34ANS.png,Epcot_Center.jpg,EM0378.jpg,bunny2.png,eel5.png,colorg28.png,electricrazor.png
BM18_HC.png,AM35ANS.png,everglades_3.png,EM0382.jpg,bunny3.png,eel6.png,colorg30.png,electrictoothbrush.png
BM18_HO.png,BF01_AC.png,Fireworks 1.jpg,EM0390.jpg,bunny4.png,eel7.png,colorH01.png,envelope03a.png
CFD-BF-001-018-HO.png,BF01_AO.png,Fireworks 2.jpg,EM0391.jpg,bunny5.png,eel8.png,colorh02-4.png,erase.png
CFD-BF-001-021-HC.png,BF02_AC.png,Fireworks 3.jpg,EM0393.jpg,bunny6.png,eel9.png,colorh03-1.png,ethernetcable.png
CFD-BF-002-004-HO.png,BF02_AO.png,Fireworks 6.jpg,EM0551.jpg,bunny7.png,eel10.png,colorH03.png,expandablefolder.png
CFD-BF-002-006-HC.png,BF03_AC.png,fjords_of_norway_1.png,EM0559.jpg,bunny8.png,elephantseal1.png,colorh04.png,extensioncord.png
CFD-BF-003-007-HC.png,BF03_AO.png,fjords_of_norway_3.png,EM0560.jpg,bunny10.png,elephantseal2.png,colorh05.png,fan.png
CFD-BF-004-008-HC.png,BF04_AC.png,Florida_Keys.jpg,EM0571.jpg,butterfly1.png,emeraldcockroachwasp1.png,colorh07.png,fanblades.png
CFD-BM-002-011-HC.png,BF04_AO.png,galapagos_islands_1.png,EM0572.jpg,butterfly2.png,flea1.png,colorh08.png,faucet.png
CFD-BM-009-006-HC.png,BF05_AC.png,galapagos_islands_2.png,EM0577.jpg,butterfly4.png,flea2.png,colorH09.png,felttippen.png
CFD-BM-011-019-HC.png,BF05_AO.png,Galapagos_islands_3.jpg,EM0626.JPG,butterfly5.png,fly1.png,colorh10.png,file.png
CFD-BM-013-014-HC.png,BF06_AC.png,Galapagos_islands.jpg,EM0628.jpg,butterfly6.png,fly2.png,colorh12.png,filingcabinet.png
CFD-BM-015-017-HC.png,BF06_AO.png,geirangerfjord_2.png,EM0630.jpg,butterfly7.png,fly3.png,colorh13.png,fireextinguisher.png
CFD-BM-017-052-HC.png,BF07_AC.png,geirangerfjord_3.png,EM0631.jpg,butterfly8.png,fly4.png,colorh17.png,fireplace.png
CFD-BM-018-004-HC.png,BF07_AO.png,Giza_Pyramids.jpg,EM0632.JPG,butterfly9.png,fly5.png,colorh18-1.png,firstaidkit.png
CFD-WF-001-009-HO.png,BF08_AC.png,glacier_national_park_1.png,EM0633.jpg,butterfly10.png,fly6.png,colorh18.png,flashlight02b.png
CFD-WF-001-010-HC.png,BF08_AO.png,glacier_national_park_3.png,EM0701.jpg,calf1.png,fly7.png,colorh19-2.png,floorlamp.png
CFD-WF-002-008-HC.png,BF09_AC.png,Glacier_national_park.jpg,EM0713.jpg,calf2.png,frilledshark1.png,colorh19.png,fluorescentlightbulb.png
CFD-WF-003-004-HO.png,BF09_AO.png,glowworm_caves_3.png,EM0776.jpg,calf4.png,frilledshark2.png,colorh20.png,flyswatter.png
CFD-WF-003-007-HC.png,BF10_AC.png,Golden_Gate_Bridge.jpg,EM0786.jpg,calf5.png,frog1.png,colorh21.png,folder.png
CFD-WF-005-013-HO.png,BF10_AO.png,grand_canyon_1.png,emergencyroom1.png,calf7.png,frog2.png,colorh22.png,foldingchair.png
CFD-WF-005-016-HC.png,BF12_AC.png,grand_canyon_2.png,emergencyroom2.jpg,calf8.png,frog3.png,colorh23.png,fonduefork01.png
CFD-WF-006-003-HC.png,BF12_AO.png,grand_canyon_3.png,emptybottles1.png,camel1.png,frog4.png,colorH24.png,foodprocessor.png
CFD-WF-006-006-HO.png,BF13_AO.png,Grand_Canyon.jpg,Explosion 1.jpg,capybara1.png,frog5.png,colorh25-.png,footrest02.png
CFD-WF-007-003-HO.png,BF14_AC.png,grand_tetons_3.png,Explosion 2.jpg,capybara2.png,frog6.png,colorh26.png,fork.png
CFD-WF-007-005-HC.png,BF14_AO.png,great_blue_hole_3.png,Explosion 3.jpg,Cat_1_masked.png,frog7.png,colorh27-11.png,fountainpen.png
CFD-WF-008-003-HO.png,BF15_AC.png,Great_Salt_Lake.jpg,Explosion 5.jpg,Cat_6_masked.png,frog8.png,colorh28.png,fridge.png
CFD-WF-008-005-HC.png,BF15_AO.png,Great_Wall_of_China.jpg,Explosion 6.jpg,Cat_20_masked.png,frog9.png,colorh29-9.png,fryingpan.png
CFD-WF-009-004-HO.png,BF16_AC.png,great_zimbabwe_ruins.jpg,factory1.jpg,Cat_27_masked.png,frog10.png,colorH29.png,funnel.png
CFD-WF-009-006-HC.png,BF16_AO.png,gullfoss_1.png,factory2.jpg,Cat_32_masked.png,fruitbat1.png,colorh30.png,garbagebin.png
CFD-WF-010-006-HO.png,BF17_AC.png,gullfoss_2.png,factory3.jpg,Cat_34_masked.png,gecko1.png,colorh31.png,garbagecan02.png
CFD-WF-010-008-HC.png,BF17_AO.png,ha_long_bay_1.png,factory4.jpg,Cat_45_masked.png,gecko2.png,colorh32.png,gardenchears.png
CFD-WF-011-003-HO.png,BF18_AC.png,ha_long_bay_2.png,factory5.jpg,Cat_79_masked.png,gharial1.png,colorI01.png,gardengnome01.png
CFD-WF-011-006-HC.png,BF18_AO.png,ha_long_bay_3.png,factory6.jpg,cat1.png,gharial2.jpg.png,comicpear1.png,gasburner.png
CFD-WF-012-004-HC.png,BF19_AC.png,hamilton_pool_1.png,Fire 2.jpg,cat2.png,Giantmarineisopod1.png,concordgrapes.png,gastank.png
CFD-WF-012-007-HO.png,BF19_AO.png,hamilton_pool_3.png,Fire 3.jpg,cat3.png,giantmarineisopod2.png,conferencepear.png,globe.png
CFD-WF-013-006-HO.png,BF20_AC.png,highlands_1.png,Fire 4.jpg,cat4.png,goblinshark1.png,corellapear.png,gluestick.png
CFD-WF-013-009-HC.png,BF20_AO.png,highlands_2.png,Fire 5.jpg,cat5.png,goldenflyingfox1.png,corn.png,grater01b.png
CFD-WF-014-004-HO.png,BF21_AC.png,Himalayas.jpg,Fire 6.jpg,cat6.png,gooseberry.png,Corn02.png,gutteranddrainpipe.png
CFD-WF-014-009-HC.png,BF21_AO.png,House 1.jpg,Fire 7.jpg,cat7.png,gorilla1.png,courgette1.png,hairbrush02.png
CFD-WF-015-022-HO.png,BM01_AC.png,iguazu_falls_1.png,Fire 9.jpg,cat8.png,gorilla2.png,cranberry.png,hairdeyer.png
CFD-WF-015-023-HC.png,BM01_AO.png,india_temple.jpg,Fire 10.jpg,chamois.png,gorilla3.png,creminimushroom1.png,hammer.png
CFD-WF-016-003-HO.png,BM02_AC.png,isle_of_skye_2.png,Fire 11.jpg,chick1.png,greatwhiteshark1.png,crimsongrape1.png,hammer01.png
CFD-WF-016-017-HC.png,BM02_AO.png,isle_of_skye_3.png,fire1.jpg,chick2.png,grizzly1.png,cucumber.png,handblender.png
CFD-WF-017-015-HO.png,BM03_AC.png,jacobs_well_2.png,fire2.jpg,chick3.png,grizzly2.png,cucumber1.png,handcuffs.png
CFD-WF-017-016-HC.png,BM03_AO.png,joshua_tree_2.png,fire3.jpg,chick4.png,hagfish1.png,custardapple.png,handmixer.png
CFD-WF-018-018-HO.png,BM04_AC.png,joshua_tree_3.png,fire4.jpg,chick5.png,hammerhead1.png,dandeliongreens.png,handrake.png
CFD-WF-018-019-HC.png,BM04_AO.png,kakadu_park_1.png,fire5.jpg,chick6.png,hammerhead2.png,darkgrapes.png,handsaw.png
CFD-WF-019-032-HC.png,BM05_AC.png,kakadu_park_2.png,fire6.png,chipmunk1.png,hippo1.png,date.png,handvacuum.png
CFD-WF-019-035-HO.png,BM05_AO.png,Lake 1.jpg,fire7.jpg,chipmunk2.png,hippo2.png,dilleaves.png,hanger02a.png
CFD-WF-020-007-HC.png,BM06_AC.png,Lake 2.jpg,fire8.jpg,chipmunk4.png,hippo3.png,dried mango.png,harhat02.png
CFD-WF-020-023-HO.png,BM06_AO.png,Lake 3.jpg,Flood 1.jpg,corgi.png,hog1.png,driedfigs.png,headphones02b.png
CFD-WF-021-006-HC.png,BM07_AC.png,Lake 4.jpg,Flood 2.jpg,cow.png,hog2.png,driedpineapple.png,heatpump.png
CFD-WF-021-016-HO.png,BM07_AO.png,Lake 5.jpg,Flood 3.jpg,cow1.png,honeybee1.png,elderberries.png,hedgeshears.png
CFD-WF-022-007-HC.png,BM08_AC.png,Lake 7.jpg,flood1.jpg,cow2.png,hornet_.png,EM0005.png,hedgetrimmer.png
CFD-WF-022-019-HO.png,BM08_AO.png,Lake 8.jpg,flood2.jpg,cow3.png,hornet1.png,EM0008.png,highlighter03a.png
CFD-WF-023-020-HO.png,BM09_AC.png,Lake 9.jpg,flood3.jpg,cow4.png,hornet2.png,EM0014.png,hinge.png
CFD-WF-023-021-HC.png,BM09_AO.png,Lake 10.jpg,flood5.jpg,cow5.png,hornet3.png,EM0038.png,hoe.png
CFD-WF-024-006-HO.png,BM11_AC.png,Lake 11.jpg,flood6.jpg,cow6.png,hornet5.png,EM0548.png,hose.png
CFD-WF-024-010-HC.png,BM11_AO.png,Lake 12.jpg,flood7.png,cow7.png,hornet6.png,EM0549.png,hosenozzle.png
CFD-WF-025-006-HO.png,BM12_AC.png,Lake 13.jpg,flood8.jpg,crestedtit1.png,hoverfly_.png,endive.png,icebucket.png
CFD-WF-025-023-HC.png,BM12_AO.png,Lake 14.jpg,flood9.jpg,dalmatian.png,hoverfly1.png,endive01.png,icecubetray01a.png
CFD-WF-026-008-A.png,BM13_AC.png,Lake 15.jpg,flood10.jpg,Dog_7_masked.png,hoverfly2.png,englishcucumber.png,icescraper.png
CFD-WF-026-017-HO.png,BM13_AO.png,Lake 16.jpg,flood11.jpg,Dog_13_masked.png,hoverfly4.png,enoki.png,iron01b.png
CFD-WF-026-018-HC.png,BM14_AC.png,Lake 17.jpg,Funeral 1.jpg,Dog_15_masked.png,hoverfly5.png,favabean1.png,ironingboard.png
CFD-WF-027-007-HC.png,BM14_AO.png,lake_baikal_2.png,funeral1.jpg,Dog_26_masked.png,hyena1.png,favabean2.png,jack.png
CFD-WF-027-021-HO.png,BM15_AC.png,lake_retba_1.png,funeral2.jpg,Dog_27_masked.png,hyena2.png,favabean3.png,jar03.png
CFD-WF-028-024-HO.png,BM15_AO.png,lake_tahoe_1.png,funeral3.jpg,Dog_49_masked.png,hyena3.png,feijoa.png,jigsaw.png
CFD-WF-028-025-HC.png,BM16_AC.png,lake_tahoe_2.png,funeral4.jpg,Dog_56_masked.png,hyena4.png,fennelroot.png,jumpercables.png
CFD-WF-029-021-HO.png,BM16_AO.png,Landscapes_008_h.jpg,Garbage dump 1.jpg,Dog_83_masked.png,hyena5.png,fennelseeds.png,jumprope.png
CFD-WF-029-023-HC.png,BM17_AC.png,Landscapes_009_h.jpg,Garbage dump 2.jpg,dog1.png,hyena6.png,fig.png,kettle01.png
CFD-WF-030-003-HO.png,BM17_AO.png,Landscapes_021_h.jpg,Garbage dump 3.jpg,dog2.png,iguana1.png,flat_peach.png,key07.png
CFD-WF-030-031-HC.png,BM18_AC.png,Landscapes_023_h.jpg,Garbage dump 4.jpg,dog3.png,iguana2.png,flatpeach1.png,keyboard.png
CFD-WF-031-005-HO.png,BM18_AO.png,Landscapes_034_h.jpg,Garbage dump 5.jpg,dog4.png,iguana3.png,garlic01a.png,keyhole.png
CFD-WF-031-009-HC.png,CFD-BF-001-026-A.png,Landscapes_035_v.jpg,Garbage dump 6.jpg,dog5.png,iguana4.png,ghostpepper1.png,kidbicicle.png
CFD-WF-033-005-HO.png,CFD-BF-002-018-A.png,Landscapes_037_v.jpg,Gargoyle 1.jpg,dog6.png,iguana5.png,ginger.png,kidpicnictable.png
CFD-WF-033-041-HC.png,CFD-BF-003-016-A.png,Landscapes_038_h.jpg,Graveyard 1.jpg,dolphin1.png,iguana6.png,ginger1.png,kitchenscale01a.png
CFD-WF-034-033-HO.png,CFD-BF-004-021-A.png,Landscapes_040_h.jpg,Graveyard 2.jpg,dolphin2.png,iguana7.png,goldendeliciousapple.png,kitchenscale02.png
CFD-WF-034-061-HC.png,CFD-BM-001-022-A.png,Landscapes_041_h.jpg,Graveyard 3.jpg,dolphin3.png,iguana8.png,goldenkiwi.png,kite.png
CFD-WF-035-027-HO.png,CFD-BM-002-016-A.png,Landscapes_042_h.jpg,Graveyard 4.jpg,dolphin4.png,Insect_1_masked.png,grape01.png,kneepad01c.png
CFD-WF-035-030-HC.png,CFD-BM-003-030-A.png,Landscapes_045_h.jpg,graveyard1.jpg,dolphin5.png,Insect_4_masked.png,grape2.png,knifesharpener.png
CFD-WF-036-026-HO.png,CFD-BM-005-010-A.png,Landscapes_046_h.jpg,graveyard2.jpg,donkey1.png,insect2.png,grapefruit.png,ladder.png
CFD-WF-036-030-HC.png,CFD-BM-009-008-A.png,Landscapes_047_v.jpg,graveyard3.jpg,donkey2.png,insect3.png,grapes1.png,ladle02a.png
CFD-WF-037-034-HC.png,CFD-BM-010-019-A.png,Landscapes_048_h.jpg,graveyard4.jpg,donkey4.png,insect5.png,green plum.png,lamp.png
CFD-WF-038-023-HO.png,CFD-BM-011-020-A.png,Landscapes_049_h.jpg,graveyard5.jpg,dragonfly1.png,insect6.png,greenfig.png,laptop02.png
CFD-WF-038-027-HC.png,CFD-WF-001-016-A.png,Landscapes_050_h.jpg,graveyard6.jpg,dragonfly2.png,jaguar1.png,greenmango2.png,laundrybasket.png
CFD-WF-039-005-HO.png,CFD-WF-002-033-A.png,Landscapes_051_h.jpg,graveyard7.jpg,dragonfly3.png,jaguar2.png,greenolive.png,lawnmower.png
CFD-WF-039-008-HC.png,CFD-WF-003-014-A.png,Landscapes_052_h.jpg,Gun 3.jpg,eagle1.png,jaguar3.png,greenonion.png,leafblower.png
CFD-WM-001-007-HC.png,CFD-WF-005-022-A.png,Landscapes_053_h.jpg,Gun 9.jpg,eagle2.png,jellyfish1.png,grenadilla.png,leafrake.png
CFD-WM-001-011-HO.png,CFD-WF-006-019-A.png,Landscapes_054_h.jpg,Gun 10.jpg,eagle3.png,jellyfish2.png,guava_pixabay.png,leveller.png
CFD-WM-002-007-HO.png,CFD-WF-007-029-A.png,Landscapes_055_h.jpg,Hallway 1.jpg,elephant1.png,jellyfish3.png,habaneropepper.png,lightbulb01.png
CFD-WM-002-008-HC.png,CFD-WF-008-011-A.png,Landscapes_056_h.jpg,highway1.jpg,elephant3.png,jellyfish4.png,hazelnut.png,lightswitch01.png
CFD-WM-003-003-HO.png,CFD-WF-009-010-A.png,Landscapes_059_v.jpg,hospital1.jpg,ferret1.png,jellyfish5.png,hazelnuts.png,lintbrush.png
CFD-WM-003-006-HC.png,CFD-WF-010-014-A.png,Landscapes_062_h.jpg,hospital2.jpg,fish1.png,jellyfish6.png,honedew.png,lintroller.png
CFD-WM-004-005-HC.png,CFD-WF-011-011-A.png,Landscapes_063_h.jpg,hospital3.jpg,fish2.png,jellyfish7.png,honeydewmelon.png,litterbox.png
CFD-WM-004-006-HO.png,CFD-WF-012-012-A.png,Landscapes_064_h.jpg,hurricane1.jpg,fish3.png,jellyfish8.png,honeytangerine.png,lock03a.png
CFD-WM-006-010-HO.png,CFD-WF-013-015-A.png,Landscapes_065_h.jpg,hurricane2.jpg,fish4.png,junebug1.png,hornmelon.png,lockingplier.png
CFD-WM-006-013-HC.png,CFD-WF-014-012-A.png,Landscapes_067_h.jpg,hurricane3.jpg,fish5.png,junebug2.png,horseradishroot.png,loppingshears.png
CFD-WM-009-004-HO.png,CFD-WF-015-014-A.png,Landscapes_071_h.jpg,hurricane4.jpg,fish6.png,komododragon1.png,hotpepper.png,lunchbag.png
CFD-WM-009-006-HC.png,CFD-WF-016-021-A.png,Landscapes_072_h.jpg,hurricane5.jpg,flamingo2.png,komododragon2.png,hubbard squash.png,machete.png
CFD-WM-010-004-HO.png,CFD-WF-017-023-A.png,Landscapes_073_h.jpg,hurricane6.jpg,fox1.png,komododragon4.png,hungarianwaxpepper1.png,magnifyingglass.png
CFD-WM-010-007-HC.png,CFD-WF-018-012-A.png,Landscapes_075_h.jpg,hurricane7.jpg,fox2.png,komododragon5.png,iceberglettuce.png,makeupbrush.png
CFD-WM-011-003-HO.png,CFD-WF-019-015-A.png,Landscapes_081_h.jpg,hurricane8.jpg,fox3.png,komododragon6.png,jalapenopepper.png,mallet01b.png
CFD-WM-011-006-HC.png,CFD-WF-021-018-A.png,Landscapes_082_v.jpg,hurricane9.jpg,fox4.png,komododragon7.png,jarofcapers.png,match.png
CFD-WM-012-005-HO.png,CFD-WF-022-023-A.png,Landscapes_083_h.jpg,hurricane10.jpg,fox5.png,komododragon8.png,kiwi01a.png,matchcompass.png
CFD-WM-012-007-HC.png,CFD-WF-023-013-A.png,Landscapes_084_v.jpg,industry1.jpg,gerbil1.png,komododragon9.png,kiwi03.png,mattress.png
CFD-WM-013-006-HO.png,CFD-WF-024-029-A.png,Landscapes_085_h.jpg,industry2.jpg,gerbil3.png,leech1.png,kumquat.png,measuringcup01.png
CFD-WM-013-008-HC.png,CFD-WF-025-015-A.png,Landscapes_086_v.jpg,industry3.jpg,giraffe1.png,leech2.png,leek.png,measuringspoon.png
CFD-WM-014-004-HO.png,CFD-WF-027-014-A.png,Landscapes_087_h.jpg,industry4.jpg,giraffe2.png,lion1.png,leek1.png,measuringtape01.png
CFD-WM-014-008-HC.png,CFD-WF-028-026-A.png,Landscapes_088_v.jpg,industry5.jpg,goat1.png,lion2.png,leek2.png,mechanicalpencil.png
CFD-WM-015-005-HO.png,CFD-WF-029-026-A.png,Landscapes_089_h.jpg,industry6.jpg,goat2.png,lizard1.png,lemon02.png,metalscissors.png
CFD-WM-015-009-HC.png,CFD-WF-030-033-A.png,Landscapes_090_h.jpg,industry7.png,greyhound1.png,lizard2.png,lemongrass.png,microwave.png
CFD-WM-016-002-HO.png,CFD-WF-031-015-A.png,Landscapes_091_h.jpg,industry8.png,groundhog1.png,lizard3.png,lettuce.png,milwaukee-power-1.png
CFD-WM-016-005-HC.png,CFD-WF-033-031-A.png,Landscapes_092_h.jpg,industry9.jpg,groundhog2.png,lizard4.png,lettuce1.png,minifridge.png
CFD-WM-017-003-HC.png,CFD-WF-034-016-A.png,Landscapes_093_h.jpg,industry10.png,groundhog3.png,lizard5.png,lettuce2.png,mirror02.png
CFD-WM-017-005-HO.png,CFD-WF-035-033-A.png,Landscapes_094_h.jpg,Jail 1.jpg,guineapig21.png,lizard6.png,limabeans.png,mitresaw.png
CFD-WM-018-004-HO.png,CFD-WF-036-015-A.png,Landscapes_095_h.jpg,Jail 2.jpg,hare1.png,lobstermothcaterpillar1.png,lime.png,monitor.png
CFD-WM-018-005-HC.png,CFD-WF-037-016-A.png,Landscapes_096_h.jpg,Jail 3.jpg,hedgehog1.png,mariboustork1.png,limequat.png,mortarandpestle.png
CFD-WM-019-006-HC.png,CFD-WF-038-030-A.png,Landscapes_097_v.jpg,Jail 4.jpg,hedgehog2.png,milkweedbug1.png,loganberry.png,muffintray.png
CFD-WM-019-009-HO.png,CFD-WF-039-032-A.png,Landscapes_098_h.jpg,Jail 5.jpg,hedgehog3.png,millipede1.png,longan.png,mug01.png
CFD-WM-020-003-HO.png,CFD-WM-002-017-A.png,Landscapes_099_v.jpg,jail1.jpg,hedgehog4.png,millipede2.png,longpepper.png,nail.png
CFD-WM-020-005-HC.png,CFD-WM-003-008-A.png,Landscapes_100_h.jpg,junk1.jpg,horse1.png,millipede3.png,lotusroot.png,nailclipper.png
CFD-WM-021-004-HO.png,CFD-WM-004-011-A.png,Landscapes_101_v.jpg,junkyard1.jpg,horse2.png,mole1.png,lychee.png,nailgun.png
CFD-WM-021-006-HC.png,CFD-WM-006-022-A.png,Landscapes_102_h.jpg,Knife 2.jpg,horse3.png,monkey1.png,lychee01.png,nailpolish.jpg
CFD-WM-022-003-HC.png,CFD-WM-009-009-A.png,Landscapes_103_v.jpg,Landscapes_001_h.jpg,horse5.png,monkey2.png,lychee02.png,napkin.png
CFD-WM-022-005-HO.png,CFD-WM-010-016-A.png,Landscapes_104_h.jpg,Landscapes_002_h.jpg,hummingbird1.png,monkey3.png,macademianut.png,needlenosepliers01.png
CFD-WM-023-004-HO.png,CFD-WM-011-011-A.png,Landscapes_105_v.jpg,Landscapes_003_v.jpg,jackrabbit1.png,monkey4.png,madrona.png,notebook.png
CFD-WM-023-007-HC.png,CFD-WM-012-015-A.png,Landscapes_106_v.jpg,Landscapes_004_h.jpg,kangaroo1.png,monkey6.png,malanga.png,nut.png
CFD-WM-024-003-HO.png,CFD-WM-013-015-A.png,Landscapes_107_h.jpg,Landscapes_005_h.jpg,kangaroo2.png,monkey7.png,mandarin.png,officechair01.png
CFD-WM-024-007-HC.png,CFD-WM-014-013-A.png,Landscapes_108_v.jpg,Landscapes_006_h.jpg,kingfisher1.png,monkey8.png,mango01.png,oneholepunch.png
CFD-WM-025-018-HC.png,CFD-WM-015-017-A.png,Landscapes_109_h.jpg,Landscapes_007_h.jpg,kitten1.png,mosquito1.png,mango02a.png,outdoorchair.png
CFD-WM-025-019-HO.png,CFD-WM-016-008-A.png,Landscapes_110_v.jpg,Landscapes_010_h.jpg,kitten2.png,mosquito3.png,mangosteen.png,outdoorfireplace.png
CFD-WM-026-004-HC.png,CFD-WM-017-011-A.png,Landscapes_112_v.jpg,Landscapes_011_h.jpg,kitten3.png,mosquito4.png,medjootdate.png,outletadapter.png
CFD-WM-026-006-HO.png,CFD-WM-018-007-A.png,Landscapes_113_h.jpg,Landscapes_012_h.jpg,kitten4.png,mosquito5.png,minimumpkin2.png,oven.png
CFD-WM-028-007-HO.png,CFD-WM-019-013-A.png,Landscapes_114_v.jpg,Landscapes_013_v.jpg,kitten6.png,mosquito6.png,mint.png,paintbrush.png
CFD-WM-029-009-HC.png,CFD-WM-020-008-A.png,Landscapes_115_v.jpg,Landscapes_014_h.jpg,kitten7.png,mosquito7.png,morelmushroom.png,paintcan.png
CFD-WM-029-029-HO.png,CFD-WM-021-009-A.png,Landscapes_116_v.jpg,Landscapes_015_h.jpg,kitten8.png,mosquito8.png,mushroom01.png,painting.png
CFD-WM-031-004-HO.png,CFD-WM-022-008-A.png,Landscapes_117_h.jpg,Landscapes_016_h.jpg,kitten9.png,mosquito9.png,muskedmelon.png,paintroller01.png
CFD-WM-031-038-HC.png,CFD-WM-023-012-A.png,Landscapes_119_h.jpg,Landscapes_017_h.jpg,kitten10.png,mosquito10.png,muskmelon1.png,paintscraper.png
CFD-WM-032-004-HO.png,CFD-WM-024-010-A.png,Landscapes_120_v.jpg,Landscapes_019_h.jpg,kitten11.png,murderhornet1.png,navelateorange.png,painttray.png
CFD-WM-032-008-HC.png,CFD-WM-025-008-A.png,Landscapes_121_h.jpg,Landscapes_020_h.jpg,kitten12.png,murderhornet2.png,navelinaorange.png,paperclip03.png
CFD-WM-033-006-HC.png,CFD-WM-026-019-A.png,Landscapes_122_v.jpg,Landscapes_022_h.jpg,koala1.png,murderhornet3.png,navelorange.png,pappershredder.png
CFD-WM-033-007-HO.png,CFD-WM-028-029-A.png,Landscapes_123_h.jpg,Landscapes_024_v.jpg,koala2.png,nakedmolerat1.png,nectarine.png,parkingmeter.png
CFD-WM-034-032-HC.png,CFD-WM-029-014-A.png,Landscapes_124_h.jpg,Landscapes_025_h.jpg,lab1.png,nakedmolerat2.png,nectarine2.png,pastaspoon.png
CFD-WM-034-035-HO.png,CFD-WM-031-045-A.png,Landscapes_125_h.jpg,Landscapes_026_h.jpg,ladybug03.png,octopus1.png,okra.png,patiochair.png
CFD-WM-035-033-HO.png,CFD-WM-032-014-A.png,Landscapes_126_h.jpg,Landscapes_027_v.jpg,lemur1.png,olm2.png,onion.png,peeler.png
CFD-WM-035-036-HC.png,CFD-WM-033-014-A.png,Landscapes_127_h.jpg,Landscapes_028_h.jpg,lemur2.png,opossum2.png,orange.png,peeler01.png
CFD-WM-036-034-HO.png,CFD-WM-034-040-A.png,Landscapes_128_h.jpg,Landscapes_029_v.jpg,lemur3.png,opossum3.png,orangepepper.png,pencil_sharpener.png
CFD-WM-036-037-HC.png,CFD-WM-035-018-A.png,Landscapes_131_h.jpg,Landscapes_030_v.jpg,lioncub1.png,pangolin1.png,orangetomato.png,pencil02b.png
CFD-WM-037-033-HC.png,CFD-WM-036-018-A.png,Landscapes_132_h.jpg,Landscapes_031_h.jpg,lioncub2.png,pigeon1.png,oystermushroom.png,pencilcase02b.png
CFD-WM-037-034-HO.png,CFD-WM-037-060-A.png,Landscapes_133_h.jpg,Landscapes_032_v.jpg,madarinducks1.png,poisonouscaterpillar1.png,papaya1.png,pencilsharpener02a.png
CFD-WM-038-005-HO.png,CFD-WM-038-011-A.png,Landscapes_134_h.jpg,Landscapes_033_h.jpg,manatee1.png,proboscismonkey1.png,papaya2.png,peppermill01a.png
CFD-WM-038-007-HC.png,CFD-WM-039-010-A.png,Landscapes_137_h.jpg,Landscapes_036_h.jpg,manatee2.png,proboscismonkey2.png,parsley.png,pickaxe01.png
CFD-WM-039-004-HC.png,CFD-WM-040-007-A.png,Landscapes_138_h.jpg,Landscapes_039_v.jpg,meerkat1.png,rattlesnake1.png,parsnip.png,pictureframe04.png
CFD-WM-039-008-HO.png,CFD-WM-041-009-A.png,Landscapes_140_v.jpg,Landscapes_043_h.jpg,monkey1.png,rattlesnake2.png,passionfruit1.png,pillow01a.png
CFD-WM-040-023-HO.png,DC_1317_E.png,Landscapes_141_h.jpg,Landscapes_044_h.jpg,monkey2.png,rattlesnake3.png,peach.png,pincers.png
CFD-WM-040-025-HC.png,HF01_AC.png,Landscapes_142_h.jpg,Landscapes_057_h.jpg,mountainsquirrel1.png,Reptile_5_masked.png,peach01.png,pipewrench.png
CFD-WM-041-023-HC.png,HF01_AO.png,Landscapes_143_h.jpg,Landscapes_058_h.jpg,mouse1.png,Reptile_16_masked.png,peanut.png,pitcher02b.png
dc_0139_E.png,HF02_AC.png,Landscapes_145_h.jpg,Landscapes_060_h.jpg,otter1.png,Reptile_21_masked.png,peanut01.png,pitchfork.png
HF01_HC.png,HF02_AO.png,Landscapes_146_h.jpg,Landscapes_061_h.jpg,owl1.png,Reptile_24_masked.png,peanuts.png,plasticbasket02a.png
HF01_HO.png,HF03_AC.png,Landscapes_147_h.jpg,Landscapes_063_h.jpg,owl2.png,rhinobeetle1.png,pear01.png,plate02b.png
HF02_HC.png,HF03_AO.png,Landscapes_148_h.jpg,Landscapes_066_h.jpg,panda1.png,rubytigerbug1.png,pearlonion.png,pliers.png
HF02_HO.png,HF04_AC.png,Landscapes_149_h.jpg,Landscapes_068_h.jpg,panda2.png,salamander1.png,pecan01.png,plunger02.png
HF03_HC.png,HF04_AO.png,Landscapes_150_v.jpg,Landscapes_070_h.jpg,parrot1.png,salamander2.png,pecan02.png,poolnet.png
HF03_HO.png,HF05_AC.png,Landscapes_151_h.jpg,Landscapes_074_h.jpg,parrot01.png,salamander3.png,pecans.png,postitnote.png
HF04_HC.png,HF05_AO.png,Landscapes_152_h.jpg,Landscapes_076_h.jpg,parrot2.png,salamander4.png,pepinomelon.png,pot.png
HF04_HO.png,HF07_AC.png,Landscapes_153_h.jpg,Landscapes_077_v.jpg,parrot3.png,salamander5.png,pepper01.png,potatomasher01b.png
HF05_HC.png,HF07_AO.png,Landscapes_154_h.jpg,Landscapes_078_h.jpg,parrot4.png,salamander6.png,pepper04a.png,pressurewasher.png
HF05_HO.png,HF08_AC.png,Landscapes_155_h.jpg,Landscapes_079_v.jpg,peacock1.png,salamander7.png,pepper06c.png,printer02.png
HF07_HC.png,HF08_AO.png,Landscapes_157_h.jpg,Landscapes_080_h.jpg,peacock2.png,scorpion2.png,persian melon.png,qtip.png
HF07_HO.png,HF09_AC.png,Landscapes_158_h.jpg,Landscapes_111_h.jpg,peacock3.png,scorpion3.png,persimmon.png,racket.png
HF08_HC.png,HF09_AO.png,Landscapes_161_h.jpg,Landscapes_118_v.jpg,penguin1.png,scorpion4.png,pickle01a.png,radiator.png
HF08_HO.png,HF10_AC.png,Landscapes_162_h.jpg,Landscapes_129_v.jpg,penguin2.png,scorpion5.png,pineapple1.png,radio02.png
HF09_HC.png,HF10_AO.png,Landscapes_163_h.jpg,Landscapes_135_h.jpg,Picture86.png,scorpion6.png,pineapple01a.png,razor01.png
HF09_HO.png,HM01_AC.png,Landscapes_164_h.jpg,Landscapes_136_h.jpg,Picture222.png,scorpion7.png,pistachio_1.png,remotecontrol04.png
HF10_HC.png,HM01_AO.png,Landscapes_165_h.jpg,Landscapes_139_h.jpg,Pig_1_masked.png,scorpionfly1.png,pistachio.png,rocking_chair.png
HF10_HO.png,HM02_AC.png,Landscapes_166_h.jpg,Landscapes_144_h.jpg,Pig_3_masked.png,scorpionfly2.png,pistachio2.png,rollerblade.png
HM01_HC.png,HM02_AO.png,Landscapes_167_h.jpg,Landscapes_156_h.jpg,pony1.png,scorpionfly3.png,plantain.png,rollingpin01a.png
HM01_HO.png,HM03_AC.png,Landscapes_168_h.jpg,Landscapes_159_h.jpg,puffin1.png,seacucumber1.png,plum01.png,rope03.png
HM02_HC.png,HM03_AO.png,Landscapes_169_h.jpg,Landscapes_160_v.jpg,puffin2.png,seacucumber3.png,pomegranate.png,rubberglove02a.png
HM02_HO.png,HM04_AC.png,Landscapes_171_v.jpg,Landscapes_170_h.jpg,pugdog1.png,seacucumber4.png,pomogranate.png,rubberglove02b.png
HM03_HC.png,HM04_AO.png,Landscapes_172_h.jpg,Landscapes_177_h.jpg,puppy1.png,seal1.png,portabellamushroom.png,rug01.png
HM03_HO.png,HM05_AC.png,Landscapes_173_h.jpg,Landscapes_182_v.jpg,puppy2.png,shark1.png,potato.png,ruler.png
HM04_HC.png,HM05_AO.png,Landscapes_174_h.jpg,Lava 1.jpg,puppy3.png,shark2.png,potato01.png,ruler04.png
HM04_HO.png,HM06_AC.png,Landscapes_175_h.jpg,Lightning 2.jpg,puppy4.png,shoebillstorck1.png,potato02b.png,safe.png
HM05_HC.png,HM06_AO.png,Landscapes_176_h.jpg,Lightning 4.jpg,puppy5.png,silkworm1.png,prune.png,safetyglasses.png
HM05_HO.png,HM07_AC.png,Landscapes_178_h.jpg,Lightning 6.jpg,puppy6.png,skink1.png,ptahaya.png,saltshaker03a.png
HM06_HC.png,HM07_AO.png,Landscapes_179_h.jpg,Lightning 7.jpg,puppy7.png,skink2.png,pumpkin.png,saucepan.png
HM06_HO.png,HM08_AC.png,Landscapes_180_h.jpg,lightning1.jpg,puppy8.png,skink6.png,purplecauliflower.png,saw01a.png
HM07_HC.png,HM08_AO.png,Landscapes_181_h.jpg,lightning2.jpg,puppy9.png,slug1.png,purplefig.png,scale01a.png
HM07_HO.png,HM09_AC.png,Landscapes_183_h.jpg,lightning3.jpg,puppy10.png,slug2.png,purpleplum.png,scanner.png
HM08_HC.png,HM09_AO.png,Landscapes_184_h.jpg,lightning4.jpg,puppy11.png,Snake_1_masked.png,purplepotato.png,scissors02b.png
HM08_HO.png,HM10_AC.png,Landscapes_185_v.jpg,Memorial 3.jpg,puppy12.png,Snake_3_masked.png,purplepotato2.png,scooter.png
HM09_HC.png,HM10_AO.png,lavender_field_1.png,memorial1.jpg,puppy13.png,Snake_4_masked.png,quince.png,scotchtape.png
HM09_HO.png,HM11_AC.png,lavender_field_2.png,mess1.jpg,quokka1.png,snake.png,quince1.png,screw.png
HM10_HC.png,HM11_AO.png,li_river_1.png,mess2.jpg,quokka3.png,snake1.png,radicchio.png,screwdriver.png
HM10_HO.bmp,HW_1612.png,li_river_2.png,mess4.jpg,Rabbit_2_masked.png,snake2.png,radish01.png,screwdriver04b.png
HM10_HO.png,JG_2291.png,Louvre.jpg,mess5.jpg,Rabbit_5_masked.png,snake3.png,raisin_1.png,scrubbingbrush05b.png
HM11_HC.png,JS_2296.png,marble_caves_3.png,mess6.jpg,Rabbit_11_masked.png,snake4.png,raisin.png,servingspoon01.png
HM11_HO.png,KA_1616.png,matterhorn_1.png,mess7.jpg,rabbit1.png,snake5.png,rambutan.png,set_square.png
HW_0068.png,KL_1182.png,melissanicave_2.png,mess8.jpg,rabbit2.png,snake6.png,raspberry01.png,sewingmachine01a.png
JG_0024.png,KM_0620.png,melissanicave_3.png,mess9.jpg,rabbit3.png,snake7.png,red potato.png,sharpening_steel.png
JS_0281.png,KO_0251.png,Mississippi_River.jpg,mess10.jpg,rabbit4.png,snake8.png,red_cabbage.png,shelf.png
KA_0043.png,KP_0760.png,moravian_fields_1.png,oilrig1.png,rabbit5.png,snake9.png,redcurrant.png,shelves.png
KL_0092.png,MB_1210.png,mount_everest_2.png,oilrig2.jpg,rabbit6.png,snake11.png,redcurrant2.png,shopvac.png
KM_0137.png,MG_1317.png,mount_everest.jpg,Pigeon 6.jpg,rabbit7.png,spider1.png,redgrapefruit.png,shovel.png
KO_0277.png,MJ_0152.png,mt_sanqing_3.png,Plane crash 2.jpg,rabbit8.png,spider2.png,redkurisquash.png,showerhead01.png
KP_0051.png,MK_0173.png,na_pali_coast_1.png,Plane crash 3.jpg,rabbit9.png,spider3.png,redmango.png,sink.png
KS_4222.png,MR_2450.png,na_pali_coast_2.png,Plane crash 4.jpg,rabbit12.png,spider4.png,redonion.png,skate.png
MB_0048.png,MR1_1802.png,na_pali_coast_3.png,planecrash1.jpg,ram1.png,spider5.png,redpear.png,sledgehammer.png
MG_0330.png,MS_0695.png,namaqualand_2.png,planecrash2.jpg,redbird1.png,spider6.png,redplum.png,small_saucepan.png
MJ_0066.png,OG_6484.png,napa_valley_4.jpg,planecrash3.jpg,redfox.png,spider7.png,redpotato.png,smokedetector02.png
MK_0040.png,PA_0967.png,Napa_Valley.jpg,planecrash4.jpg,redpanda1.png,spider8.png,rhubarb.png,soap01.png
MK1_0087.png,PB_0314.png,Nature 1.jpg,planecrash5.jpg,rodent3.png,spider9.png,romatomato.png,soapdispenser02.png
MK1_0461.png,PO_0951.png,Nature 2.jpg,planecrash6.jpg,seaturtle1.png,spider10.jpg.png,rosemary.png,sofa.png
MR_0055.png,PS_0100.png,natures_window_3.png,planecrash7.jpg,seaturtle2.png,squid1.png,rubyredgrapefruit.png,solderingiron.png
MR1_0132.png,RA_1786.png,niagra_falls_1.png,planecrash8.jpg,sheep1.png,squid2.png,saffronmushroom.png,spatula03.png
MR2_0063.png,RB_0586.png,niagra_falls_2.png,planecrash9.jpg,sheep2.png,stinkbug1.png,sage.png,speaker04.png
MS_0291.png,SO_0071.png,niagra_falls_3.png,planecrash10.jpg,siamesecat1.png,tarantula1.png,santaclausmelon.png,spicerack.png
OG_6189.png,SS0302.png,Niagra_Falls.jpg,Pollution 1.jpg,sleepingfox1.png,tick1.png,sapote.png,sponge01.png
PA_0112.png,WF01_AC.png,niah_caves_1.png,pollution1.jpg,sloth1.png,tick2.png,seckelpear.png,spoon01.png
PB_0499.png,WF01_AO.png,niah_caves_2.png,pollution2.jpg,sloth2.png,tick3.png,seedlessorange.png,spraybottle01.png
PO_0124.png,WF02_AC.png,niah_caves_3.png,pollution3.jpg,sloth3.png,tick4.png,serranopepper.png,springdoorstop.png
PS_0236.png,WF02_AO.png,Nile_River.jpg,pollution4.jpg,sloth4.png,toad1.png,shallot.png,squeegee01b.png
RA_0317.png,WF03_AC.png,Notre_Dame.jpg,Prison 1.jpg,sloth5.png,toad2.png,snowpea01.png,staplegun.png
RB_0329.png,WF03_AO.png,Path 1.jpg,prison1.png,snowybird1.png,toad3.png,soursop.png,stapler03a.png
SO_0028.png,WF04_AC.png,Performance 1.jpg,prison2.png,sparrow1.png,toad4.png,spaghettisquash.png,stapleremover.png
SS_0018.png,WF04_AO.png,Performance 2.jpg,prison3.jpg,sparrow2.png,toad5.png,spinach.png,stepladder.png
WF01_HC.png,WF05_AC.png,picos_de_europa_1.png,prison4.jpg,squirrel2.png,toad6.png,spritemelon.png,stool.png
WF01_HO.png,WF05_AO.png,picos_de_europa_3.png,prison5.jpg,squirrel3.png,toad7.png,sprouts.png,stool01.png
WF02_HC.png,WF06_AC.png,plitvice_lakes_1.png,prison6.jpg,squirrel4.png,toad8.png,squash.png,storagebin.png
WF02_HO.png,WF06_AO.png,plitvice_lakes_3.png,Railroad 1.jpg,squirrelmonkey1.png,toad9.png,starfruit.png,stovetop1.png
WF03_HC.png,WF07_AC.png,Rainbow 1.jpg,ruins1.jpg,starfish01.png,triton1.png,strawberry.png,strainer.png
WF03_HO.png,WF07_AO.png,Rainbow 2.jpg,ruins2.jpg,starlingbird1.png,unknown1.png,stringbean01.png,stubbywrench01a.png
WF04_HC.png,WF08_AC.png,red_beach_1.png,ruins3.jpg,sugarglider2.png,vampirebat2.png,stringbean03a.png,suitcase.png
WF04_HO.png,WF08_AO.png,red_beach_3.png,ruins4.jpg,swan1.png,vulture1.png,sugarapple.png,swissarmyknife01a.png
WF05_HC.png,WF10_AC.png,redwood_forest.jpg,ruins5.png,swan2.png,vulture2.png,summersquash.png,table.png
WF05_HO.png,WF10_AO.png,Road 1.jpg,ruins6.png,swan3.png,vulture3.png,sunflowerseed.png,table01.png
WF06_HC.png,WF11_AC.png,rock_of_gilbralter_2.png,ruins7.jpg,toucan1.png,warthog1.png,sunflowerseeds.png,tableknife02.png
WF06_HO.png,WF11_AO.png,Rocks 1.jpg,ruins8.jpg,turtle1.png,warthog2.png,sunflowerseeds2.png,tablesaw.png
WF07_HC.png,WF12_AC.png,Rocks 4.jpg,Running away 1.jpg,turtle2.png,warthog3.png,sweetredonion.png,teapot.png
WF07_HO.png,WF12_AO.png,rotorua_newzealand_2.png,Shark 3.jpg,turtle3.png,warthog4.png,tamarillo.png,telephone01b.png
WF08_HC.png,WF13_AC.png,Sailing 3.jpg,Storage 1.jpg,turtle4.png,warthog5.png,tamarind.png,television.png
WF08_HO.png,WF13_AO.png,samothraki_1.png,Storage 2.jpg,turtle5.png,wasp1.png,tangelo.png,thermometer02b.png
WF10_HC.png,WF14_AC.png,samothraki_3.png,Storage 3.jpg,vicuna.png,wasp2.png,tomato.png,threada.png
WF10_HO.png,WF14_AO.png,sarisarinama_sinkhole_1.png,storm1.jpg,wallaby1.png,wolf1.png,tomato01.png,thumbtack02a.png
WF11_HC.png,WF15_AC.png,Satellite 1.jpg,storm2.jpg,whale1.png,wolf3.png,tomato02.png,tissuebox01b.png
WF11_HO.png,WF15_AO.png,Sidewalk 4.jpg,storm3.jpg,whale2.png,wolf4.png,turbansquash.png,toaster01.png
WF12_HC.png,WM01_AC.png,Sierra_Nevada.jpg,storm4.jpg,whale3.png,wolf5.png,turnip.png,toasteroven.png
WF12_HO.png,WM01_AO.png,Sistine_Chapel.jpg,Thunderstorm 1.jpg,whale4.png,wolf6.png,turnip2.png,toilet.png
WF13_HC.png,WM02_AC.png,Space_Needle.jpg,Thunderstorm 3.jpg,willowtit1.png,wolverine1.png,vegetablemarrowsquash.png,toiletbrush.png
WF13_HO.png,WM02_AO.png,Statue 1.jpg,Thunderstorm 9.jpg,willowtit2.png,wolverwine2.png,walnut01c.png,toiletpaper01a.png
WF14_HC.png,WM03_AC.png,Street 3.jpg,Thunderstorm 10.jpg,zebra1.png,worm3.png,walnuts.png,tongs01b.png
WF14_HO.png,WM03_AO.png,Sunflower 1.jpg,Thunderstorm 11.jpg,zebra2.png,worm4.png,watermelon01.png,toolbox02.png
WF15_HC.png,WM04_AC.png,Sunset 1.jpg,Tornado 1.jpg,,worm5.png,watermelon02c.png,toothbrush03b.png
WF15_HO.png,WM04_AO.png,Sunset 2.jpg,Tornado 3.jpg,,worm7.png,whitecucumber.png,towelrack.png
WM01_HC.png,WM05_AC.png,Sunset 3.jpg,Tornado 4.jpg,,,whitegrape.png,travelmug.png
WM01_HO.png,WM05_AO.png,Sunset 4.jpg,Tornado 5.jpg,,,whitepeach.png,treadmill.png
WM02_HC.png,WM06_AC.png,Sunset 5.jpg,tornado1.jpg,,,whitepotato.png,trowel.png
WM02_HO.png,WM06_AO.png,Sunset 6.jpg,tornado2.jpg,,,whitepumpkin.png,tupperware03a.png
WM03_HC.png,WM07_AC.png,Swiss_Alps.jpg,tornado3.jpg,,,whiteradish.png,tweezers02a.png
WM03_HO.png,WM07_AO.png,Sydney_Opera_House.jpg,Torture chamber 1.jpg,,,whithegourd.png,umbrella04.png
WM04_HC.png,WM08_AC.png,Taj_Mahal.jpg,trash1.jpg,,,williams.png,usbcable01a.png
WM04_HO.png,WM08_AO.png,tigris_river_3.png,trash2.jpg,,,yam.png,vacuumcleaner01.png
WM05_HC.png,WM09_AC.png,torrest_del_paine_3.png,trash3.jpg,,,yams.png,wafflemaker.png
WM05_HO.png,WM09_AO.png,Tower_Bridge.jpg,trash4.jpg,,,yellow watermelon_E.png,wallclock.png
WM06_HC.png,WM10_AC.png,Tower_of_Pisa.jpg,trash5.jpg,,,yellow_plum.png,wardrobe.png
WM06_HO.png,WM10_AO.png,uluru_3.png,trash6.jpg,,,yellowbellpepper.png,washingmachine.png
WM07_HC.png,WM11_AC.png,victoria_falls_2.png,Volcano 2.jpg,,,yellowcherrytomato.png,wateringcan.png
WM07_HO.png,WM11_AO.png,Victoria_falls.jpg,volcano1.png,,,yellowcrookneck.png,webcam.png
WM08_HC.png,WM12_AC.png,wave_arizona_2.png,volcano2.jpg,,,yellowmango.png,weedwacker.png
WM08_HO.png,WM12_AO.png,Wedding 12.jpg,War 5.jpg,,,yellowplum.png,wheelbarrow01.png
WM09_HC.png,WM13_AC.png,white_desert_1.png,War 8.jpg,,,yellowzucchini.png,whisk.png
WM09_HO.png,WM13_AO.png,white_sand_3.png,waste1.jpg,,,yukongoldpotato.png,whiteout.png
WM10_HC.png,,yellowstone_1.png,waste2.jpg,,,zucchini01.png,wineglass01.png
WM10_HO.png,,Yellowstone.jpg,waste3.jpg,,,,woodenspoon.png
WM11_HC.png,,Yosemite.jpg,,,,,workglove02c.png
WM11_HO.png,,zhangy_danxia_1.png,,,,,worldmap.png
WM12_HC.png,,zhangye_danxia_2.png,,,,,
WM12_HO.png,,,,,,,
WM13_HC.png,,,,,,,
WM13_HO.png,,,,,,,