positive_places,negative_places,positive_animals,negative_animals,produce,household_items
10557.jpg,28286.jpg,ape1.png,alligator1.png,abatefetalpear.png,03ba8301.png
31237.jpg,40944.jpg,asianelephant.png,alligator2.png,acorn.png,adjustablewrench01b.png
39472.jpg,abandoned1.jpg,babybear1.png,alligator3.png,acornsquash1.png,airconditioner.png
44485.jpg,abandoned2.jpg,babybird1.png,alligator4.png,acornsquash2.png,alarmclock01.png
acadia_park.jpg,abandoned3.jpg,babybird2.png,alligator5.png,almond.png,antenna.png
appalachian_1.png,abandoned4.jpg,babybird3.png,alligator6.png,almonds.png,armchair.png
appalachian_2.png,abandoned5.jpg,babybird4.png,alligator7.png,aloevera1.png,armchair02.png
arches_national_park_2.png,abandoned6.jpg,babybunny1.png,Amphibian_2_masked.png,anise1.png,ashtray01.png
arizona_horseshoe_bend_1.png,abandoned7.jpg,babycamel1.png,Amphibian_4_masked.png,apple03b.png,avcable.png
aurora_borealis_1.png,abandoned8.jpg,babycheetah1.png,amphibian3.png,apple07.png,axe.png
aurora_borealis_3.png,abandoned9.jpg,babycheetah2.png,angrybear1.png,apricot.png,axe01.png
bamboo_forest_1.png,abandoned10.jpg,babychipmunk1.png,angrybear2.png,artichoke.png,backpack01a.png
banff_canada_3.png,abandoned11.jpg,babychipmunk2.png,angrydog1.png,artichoke01b.png,bagtie.png
baslatic_prisms_1.png,alcatraz1.jpg,babychipmunk3.png,angrydog2.png,Artichoke2.png,ball.png
Beach 1.jpg,alcatraz2.jpg,babychipmunk4.png,angrydog3.png,arugula.png,bandage.png
Beach 2.jpg,alley1.jpg,babychipmunk5.png,ant1.png,asianpair.png,bandaid01.png
Beach 3.jpg,alley2.jpg,babycougar1.png,ant2.png,asparagus.png,barbecue03.png
Beach 8.jpg,alley3.jpg,babycougar2.png,ant3.png,avocado01.png,barbecuelighter.png
bell_rock_3.png,alley4.jpg,babycow1.png,ant4.png,Avocado2.png,bastingbrush.png
Big_Ben.jpg,Ambulance 2.jpg,babycow2.png,ant5.png,babaco.png,bathtub.png
big_bend_1.png,Ambulance 3.jpg,babycow3.png,ant6.png,banana.png,battery02b.png
big_bend_2.png,ambulance1.png,babycrane1.png,ant7.png,banana04a.png,bed.png
big_bend_3.png,ambulance2.jpg,babycrane2.png,ant8.png,Bananapepper.png,bedside_table.png
Birthday 3.jpg,ambulance3.jpg,babydeer_.png,anteater1.png,basilleaves.png,bench01.png
black_sand_beach_1.png,ambulance4.jpg,babydeer1.png,armadillo1.png,bayleaf.png,bicycle.png
blue_bonnets_texas_3.png,Animal carcass 1.jpg,babydeer2.png,armadillo2.png,beat.png,bikelock.png
blue_mosque.jpg,Animal carcass 5.jpg,babydeer3.png,armadillo3.png,beeftomato.png,bikepump01.png
Boat 1.jpg,ashes1.jpg,babydeer4.png,armadillo4.png,beetroot.png,binder03b.png
bourkes_luck_potholes_1.png,aushwitz1.jpg,babydonkey1.png,armadillo5.png,bittermelonsquash.png,binoculars01b.png
Bridge 1.jpg,aushwitz2.png,babyduck1.png,ayeaye1.png,bitterorange.png,binoculars02a.png
cairgorms_park_1.png,barbedwire1.png,babyduck2.png,ayeaye2.png,Blackbeans.png,birthdaycandle.png
cairgorms_park_3.png,barbedwire2.png,babyelephant1.png,bat1.png,blackberry.png,bit.png
Camping 10.jpg,broken1.jpg,babyelephant2.png,bat2.png,blackberry2.png,bleachbottle.png
cape_horn_1.jpg,broken2.jpg,babyelephant3.png,bat3.png,blackcurrant.png,blender.png
Cape_Horn.jpg,broken3.jpg,babyflamingo1.png,bat4.png,blackolive.png,bolt01a.png
cape_of_good_hope.jpg,Car accident 4.jpg,babyflamingo3.png,Bear_1_masked.png,blackplum.png,boltcutter.png
Cappadocia.png,Car crash 1.jpg,babyfox1.png,Bear_6_masked.png,blackplumcot.png,book01b.png
capri_1.png,Car crash 2.jpg,babyfox2.png,Bear_13_masked.png,blackradish.png,bookcase.png
chicago.jpg,Car crash 3.jpg,babyfox3.png,bear2.png,Bloodorange.png,bookshelf.png
Chrysler_Building.jpg,caraccident1.png,babyfox4.png,bear3.png,Blueberries.png,bottleopener01.png
City 1.jpg,caraccident2.png,babyfox5.png,bear4.png,blueberry01.png,bowl02a.png
CN_Tower.jpg,caraccident3.png,babygiraffe1.png,bear5.png,Bluegrape.png,bowrake.png
Cold 7.jpg,caraccident4.png,babygiraffe2.png,bear6.png,bockchoy1.png,boxcutter03a.png
Colosseum.jpg,carcrash1.jpg,babygoat1.png,bear7.png,bosc pear.png,breadknife.png
Cot_HOU_086.jpg,carcrash2.jpg,babygoat2.png,beetle1.png,boysenberry.png,broom01.png
Cot_HOU021.jpg,carcrash3.jpg,babygoat4.png,beetle2.png,brazilnuts1.png,bucket01a.png
Cot_SPE_021.jpg,carcrash4.jpg,babyguineapig1.png,beetle3.png,Breadfruit.png,bungeecord02.png
CotBUI_030.jpg,carcrash5.jpg,babyhamster1.png,beetle4.png,broccoli.png,button02.png
CotHOU_020.jpg,carcrash6.jpg,babyhamster2.png,beetle5.png,broccoli01a.png,calculator01.png
CotHOU_025.jpg,carcrash7.png,babyhamster3.png,beetle6.png,brusselsprouts1.png,calendar.png
CotSPE_023.jpg,Cemetery 3.jpg,babyhamster4.png,beetle7.png,brusselssprout.png,candle08b.png
cotton_castle_1.png,Cemetery 4.jpg,babyhawk1.png,beetle8.png,bulb_pixabay.png,candleholder02.png
CotVIL_009.jpg,Cemetery 5.jpg,babyhorse1.png,beetle9.png,bulbonion1.png,cane.png
CotVIL_013.jpg,cemetery.jpg,babyhorse2.png,beetle10.png,burdockroot1.png,canoftennisballs.png
dark_hedges_1.png,cemetery1.jpg,babyhorse3.png,beetle11.png,burdockroot2.png,caulking.png
Dead_Sea.jpg,cemetery2.jpg,babyhorse4.png,blackbear1.png,butternutsquash.png,cd.png
Disneyland.jpg,cemetery3.jpg,babylamb1.png,blacksnake1.png,button mushroom.png,chain1.png
Dock 1.jpg,cemetery4.png,babylamb2.png,blackspottedlonghornbeetle1.png,cabbage_1.png,chainsaw.png
Eiffel_Tower.jpg,cemetery5.jpg,babylamb3.png,blackwidow1.png,cabbage.png,chair.png
elafonissi_beach_1.png,cemetery6.jpg,babylemur2.png,blindworm1.png,cactusfruit.png,chandelier.png
elafonissi_beach_2.png,cemetery7.jpg,babylion1.png,boar1.png,canarymelon.png,cheeseknife.png
elafonissi_beach_3.png,cemetery8.jpg,babylion2.png,boar2.png,cantaloupe.png,cherrypicker.png
EM0037.jpg,cemetery9.jpg,babymeerkat1.png,boar3.png,cantaloupe01.png,chess.png
EM0057.jpg,cemetery10.jpg,babymeerkat2.png,budgettfrog2.png,cantaloupe02.png,chestofdrawers.png
EM0059.jpg,Child labor 4.jpg,babymonkey1.png,budgettfrogs1.png,cardoon.png,chisel.png
EM0060.jpg,coffins1.jpg,babymonkey2.png,buffalo1.png,carrot01.png,chisel01b.png
EM0062.jpg,Cold 1.jpg,babymonkey3.png,buffalo2.png,carrot2.png,chisel02b.png
EM0106.jpg,creepy1.jpg,babymonkey4.png,buffalo3.png,carrot02.png,cleaver01.png
EM0112.jpg,demolition1.jpg,babymonkey5.png,bug1.png,carrots.png,clock04.png
EM0125.jpg,demolition2.jpg,babymonkey6.png,bug3.png,casabamelon.png,clothesdryingrack.png
EM0130.jpg,demolition3.jpg,babymonkey7.png,bug4.png,cashew.png,clothespin03b.png
EM0141.jpg,demolition4.jpg,babymouse1.png,bull1.png,cauliflower.png,coathook.png
EM0149.jpg,demolition5.jpg,babyowl1.png,bull2.png,cauliflower01.png,coatrack.png
EM0150.jpg,demolition6.jpg,babyowl2.png,bull3.png,celery_1.png,codedoorlock.png
EM0151.jpg,demolition7.jpg,babyowl3.png,cellarrattler1.png,celery.png,coffeemaker.png
EM0166.jpg,demolition8.jpg,babyowl4.png,centipede1.png,celeryroot.png,coffeepot03a.png
EM0173.jpg,demolition9.jpg,babypanda1.png,centipede2.png,chard.png,coking_pot.png
EM0177.jpg,demolition10.jpg,babypanda2.png,centipede3.png,charentais.png,cold_chisel.png
EM0178.jpg,Desert 1.jpg,babypenguin2.png,centipede4.png,chayotesquash.png,comb02ac.png
EM0221.jpg,Destruction 1.jpg,babypenguin4.png,centipede5.png,cherimoya.png,computerkeyboard02.png
EM0270.jpg,Destruction 2.jpg,babypig1.png,centipede6.png,cherry01.png,computermouse06.png
EM0271.jpg,Destruction 3.jpg,babypig3.png,centipede7.png,cherrytomato01.png,cookiecutter.png
EM0272.jpg,Destruction 4.jpg,babypig4.png,cheetah1.png,chesnuts.png,cooler.png
EM0273.jpg,Destruction 5.jpg,babyprairiedog1.png,cicada1.png,chestnut.png,corkboard.png
EM0291.jpg,Destruction 7.jpg,babyraccoon1.png,cobra2.png,chickpea1.png,corkscrew03a.png
EM0296.jpg,Destruction 8.jpg,babyraccoon2.png,cobrasnake3.png,chilipepper.png,cottonpad.png
EM0297.jpg,Destruction 9.jpg,babyseal1.png,cobrasnake4.png,chillipepper.png,couch02.png
EM0298.jpg,Destruction 10.jpg,babyseal2.png,cobrasnake5.png,chives.png,cup.png
EM0299.jpg,destruction1.jpg,babyseal3.png,cobrasnake6.png,cilantro.png,curlingiron01.png
EM0300.jpg,destruction2.jpg,babysheep1.png,cobrasnake7.png,cilantro2.png,cutleryset.png
EM0303.jpg,destruction3.jpg,babysheep2.png,cockroach1.png,cinnabarmushroom.png,cuttingboard.png
EM0304.jpg,destruction4.jpg,babysheep3.png,cockroach2.png,clementine.png,cuttingpliers02.png
EM0305.jpg,dump1.jpg,babysquirrel1.png,cockroach3.png,coconut.png,dartboard.png
EM0306.jpg,dump2.jpg,babysquirrel2.png,cockroach4.png,collards.png,deckfroplayingcards.png
EM0307.jpg,dump3.jpg,babysquirrel3.png,cockroach5.png,colorG02.png,demolitionhammer.png
EM0308.jpg,dump4.jpg,babysquirrel4.png,cockroach6.png,colorG05-1.png,dentalfloss.png
EM0309.jpg,dump5.jpg,babyswan2.png,coconutcrab1.png,colorG05.png,deodorant.png
EM0311.jpg,dump6.jpg,babyturtle2.png,coconutcrab2.png,colorG06.png,desktopcomputer.png
EM0312.jpg,dump7.jpg,babyzebra2.png,cookiecuttershark1.png,colorG07-1.png,diaperbag.png
EM0415.jpg,EM0001.jpg,badger1.png,cornsnake1.png,colorG07.png,dice.png
EM0429.jpg,EM0034.jpg,baldeagle1.png,cougar1.png,ColorG08.png,dishrack.png
EM0524.jpg,EM0070.jpg,baldeagle2.png,cougar2.png,colorG09.png,dishsoap.png
EM0526.jpg,EM0119.jpg,barnowl.png,cougar3.png,colorG11-2.png,doghouse.png
EM0688.jpg,EM0120.jpg,Bird_6_masked.png,crab1.png,colorG11.png,doorbold.png
EM0689.jpg,EM0121.jpg,Bird_42_masked.png,Crabs_7_masked.png,colorG12.png,drainplug.png
EM0693.jpg,EM0122.jpg,Bird_68_masked.png,cricket1.png,colorG13.png,dresser02.png
EM0696.jpg,EM0123.jpg,bird1.png,crocodile2.png,colorG14.png,drill01.png
EM0699.jpg,EM0124.jpg,bird2.png,crocodile3.png,colorG15.png,drillbit03.png
EM0702.jpg,EM0169.jpg,bird3.png,crocodile4.png,colorG17-1.png,dryingmachine.png
EM0705.jpg,EM0245.jpg,bird4.png,crocodile10.png,colorG17.png,ducttape.png
EM0731.jpg,EM0313.jpg,bird5.png,daddylonglegs1.png,colorG18.png,dustpan.png
EM0750.JPG,EM0314.jpg,bird6.png,earthworm1.png,colorG20.png,dvdcase.png
EM0752.jpg,EM0319.jpg,bird7.png,earthworm2.png,Colorg21.png,e1_s1.png
EM0766.jpg,EM0320.jpg,bird8_.png,earthworm3.png,colorg22.png,e1_s2.png
EM0767.jpg,EM0330.jpg,bird11.png,eel1.png,colorg23.png,e2_s1.png
EM0798.jpg,EM0347.jpg,bluejay.png,eel2.png,colorG24.png,e2_s2.png
emerald_lake_1.png,EM0356.jpg,bluetit1.png,eel3.png,colorg25.png,eggplant.png
emerald_lake_2.png,EM0357.jpg,bunny1.png,eel4.png,colorg26.png,electricoutlet.png
Epcot_Center.jpg,EM0378.jpg,bunny2.png,eel5.png,colorg28.png,electricrazor.png
everglades_3.png,EM0382.jpg,bunny3.png,eel6.png,colorg30.png,electrictoothbrush.png
Fireworks 1.jpg,EM0390.jpg,bunny4.png,eel7.png,colorH01.png,envelope03a.png
Fireworks 2.jpg,EM0391.jpg,bunny5.png,eel8.png,colorh02-4.png,erase.png
Fireworks 3.jpg,EM0393.jpg,bunny6.png,eel9.png,colorh03-1.png,ethernetcable.png
Fireworks 6.jpg,EM0551.jpg,bunny7.png,eel10.png,colorH03.png,expandablefolder.png
fjords_of_norway_1.png,EM0559.jpg,bunny8.png,elephantseal1.png,colorh04.png,extensioncord.png
fjords_of_norway_3.png,EM0560.jpg,bunny10.png,elephantseal2.png,colorh05.png,fan.png
Florida_Keys.jpg,EM0571.jpg,butterfly1.png,emeraldcockroachwasp1.png,colorh07.png,fanblades.png
galapagos_islands_1.png,EM0572.jpg,butterfly2.png,flea1.png,colorh08.png,faucet.png
galapagos_islands_2.png,EM0577.jpg,butterfly4.png,flea2.png,colorH09.png,felttippen.png
Galapagos_islands_3.jpg,EM0626.JPG,butterfly5.png,fly1.png,colorh10.png,file.png
Galapagos_islands.jpg,EM0628.jpg,butterfly6.png,fly2.png,colorh12.png,filingcabinet.png
geirangerfjord_2.png,EM0630.jpg,butterfly7.png,fly3.png,colorh13.png,fireextinguisher.png
geirangerfjord_3.png,EM0631.jpg,butterfly8.png,fly4.png,colorh17.png,fireplace.png
Giza_Pyramids.jpg,EM0632.JPG,butterfly9.png,fly5.png,colorh18-1.png,firstaidkit.png
glacier_national_park_1.png,EM0633.jpg,butterfly10.png,fly6.png,colorh18.png,flashlight02b.png
glacier_national_park_3.png,EM0701.jpg,calf1.png,fly7.png,colorh19-2.png,floorlamp.png
Glacier_national_park.jpg,EM0713.jpg,calf2.png,frilledshark1.png,colorh19.png,fluorescentlightbulb.png
glowworm_caves_3.png,EM0776.jpg,calf4.png,frilledshark2.png,colorh20.png,flyswatter.png
Golden_Gate_Bridge.jpg,EM0786.jpg,calf5.png,frog1.png,colorh21.png,folder.png
grand_canyon_1.png,emergencyroom1.png,calf7.png,frog2.png,colorh22.png,foldingchair.png
grand_canyon_2.png,emergencyroom2.jpg,calf8.png,frog3.png,colorh23.png,fonduefork01.png
grand_canyon_3.png,emptybottles1.png,camel1.png,frog4.png,colorH24.png,foodprocessor.png
Grand_Canyon.jpg,Explosion 1.jpg,capybara1.png,frog5.png,colorh25-.png,footrest02.png
grand_tetons_3.png,Explosion 2.jpg,capybara2.png,frog6.png,colorh26.png,fork.png
great_blue_hole_3.png,Explosion 3.jpg,Cat_1_masked.png,frog7.png,colorh27-11.png,fountainpen.png
Great_Salt_Lake.jpg,Explosion 5.jpg,Cat_6_masked.png,frog8.png,colorh28.png,fridge.png
Great_Wall_of_China.jpg,Explosion 6.jpg,Cat_20_masked.png,frog9.png,colorh29-9.png,fryingpan.png
great_zimbabwe_ruins.jpg,factory1.jpg,Cat_27_masked.png,frog10.png,colorH29.png,funnel.png
gullfoss_1.png,factory2.jpg,Cat_32_masked.png,fruitbat1.png,colorh30.png,garbagebin.png
gullfoss_2.png,factory3.jpg,Cat_34_masked.png,gecko1.png,colorh31.png,garbagecan02.png
ha_long_bay_1.png,factory4.jpg,Cat_45_masked.png,gecko2.png,colorh32.png,gardenchears.png
ha_long_bay_2.png,factory5.jpg,Cat_79_masked.png,gharial1.png,colorI01.png,gardengnome01.png
ha_long_bay_3.png,factory6.jpg,cat1.png,gharial2.jpg.png,comicpear1.png,gasburner.png
hamilton_pool_1.png,Fire 2.jpg,cat2.png,Giantmarineisopod1.png,concordgrapes.png,gastank.png
hamilton_pool_3.png,Fire 3.jpg,cat3.png,giantmarineisopod2.png,conferencepear.png,globe.png
highlands_1.png,Fire 4.jpg,cat4.png,goblinshark1.png,corellapear.png,gluestick.png
highlands_2.png,Fire 5.jpg,cat5.png,goldenflyingfox1.png,corn.png,grater01b.png
Himalayas.jpg,Fire 6.jpg,cat6.png,gooseberry.png,Corn02.png,gutteranddrainpipe.png
House 1.jpg,Fire 7.jpg,cat7.png,gorilla1.png,courgette1.png,hairbrush02.png
iguazu_falls_1.png,Fire 9.jpg,cat8.png,gorilla2.png,cranberry.png,hairdeyer.png
india_temple.jpg,Fire 10.jpg,chamois.png,gorilla3.png,creminimushroom1.png,hammer.png
isle_of_skye_2.png,Fire 11.jpg,chick1.png,greatwhiteshark1.png,crimsongrape1.png,hammer01.png
isle_of_skye_3.png,fire1.jpg,chick2.png,grizzly1.png,cucumber.png,handblender.png
jacobs_well_2.png,fire2.jpg,chick3.png,grizzly2.png,cucumber1.png,handcuffs.png
joshua_tree_2.png,fire3.jpg,chick4.png,hagfish1.png,custardapple.png,handmixer.png
joshua_tree_3.png,fire4.jpg,chick5.png,hammerhead1.png,dandeliongreens.png,handrake.png
kakadu_park_1.png,fire5.jpg,chick6.png,hammerhead2.png,darkgrapes.png,handsaw.png
kakadu_park_2.png,fire6.png,chipmunk1.png,hippo1.png,date.png,handvacuum.png
Lake 1.jpg,fire7.jpg,chipmunk2.png,hippo2.png,dilleaves.png,hanger02a.png
Lake 2.jpg,fire8.jpg,chipmunk4.png,hippo3.png,dried mango.png,harhat02.png
Lake 3.jpg,Flood 1.jpg,corgi.png,hog1.png,driedfigs.png,headphones02b.png
Lake 4.jpg,Flood 2.jpg,cow.png,hog2.png,driedpineapple.png,heatpump.png
Lake 5.jpg,Flood 3.jpg,cow1.png,honeybee1.png,elderberries.png,hedgeshears.png
Lake 7.jpg,flood1.jpg,cow2.png,hornet_.png,EM0005.png,hedgetrimmer.png
Lake 8.jpg,flood2.jpg,cow3.png,hornet1.png,EM0008.png,highlighter03a.png
Lake 9.jpg,flood3.jpg,cow4.png,hornet2.png,EM0014.png,hinge.png
Lake 10.jpg,flood5.jpg,cow5.png,hornet3.png,EM0038.png,hoe.png
Lake 11.jpg,flood6.jpg,cow6.png,hornet5.png,EM0548.png,hose.png
Lake 12.jpg,flood7.png,cow7.png,hornet6.png,EM0549.png,hosenozzle.png
Lake 13.jpg,flood8.jpg,crestedtit1.png,hoverfly_.png,endive.png,icebucket.png
Lake 14.jpg,flood9.jpg,dalmatian.png,hoverfly1.png,endive01.png,icecubetray01a.png
Lake 15.jpg,flood10.jpg,Dog_7_masked.png,hoverfly2.png,englishcucumber.png,icescraper.png
Lake 16.jpg,flood11.jpg,Dog_13_masked.png,hoverfly4.png,enoki.png,iron01b.png
Lake 17.jpg,Funeral 1.jpg,Dog_15_masked.png,hoverfly5.png,favabean1.png,ironingboard.png
lake_baikal_2.png,funeral1.jpg,Dog_26_masked.png,hyena1.png,favabean2.png,jack.png
lake_retba_1.png,funeral2.jpg,Dog_27_masked.png,hyena2.png,favabean3.png,jar03.png
lake_tahoe_1.png,funeral3.jpg,Dog_49_masked.png,hyena3.png,feijoa.png,jigsaw.png
lake_tahoe_2.png,funeral4.jpg,Dog_56_masked.png,hyena4.png,fennelroot.png,jumpercables.png
Landscapes_008_h.jpg,Garbage dump 1.jpg,Dog_83_masked.png,hyena5.png,fennelseeds.png,jumprope.png
Landscapes_009_h.jpg,Garbage dump 2.jpg,dog1.png,hyena6.png,fig.png,kettle01.png
Landscapes_021_h.jpg,Garbage dump 3.jpg,dog2.png,iguana1.png,flat_peach.png,key07.png
Landscapes_023_h.jpg,Garbage dump 4.jpg,dog3.png,iguana2.png,flatpeach1.png,keyboard.png
Landscapes_034_h.jpg,Garbage dump 5.jpg,dog4.png,iguana3.png,garlic01a.png,keyhole.png
Landscapes_035_v.jpg,Garbage dump 6.jpg,dog5.png,iguana4.png,ghostpepper1.png,kidbicicle.png
Landscapes_037_v.jpg,Gargoyle 1.jpg,dog6.png,iguana5.png,ginger.png,kidpicnictable.png
Landscapes_038_h.jpg,Graveyard 1.jpg,dolphin1.png,iguana6.png,ginger1.png,kitchenscale01a.png
Landscapes_040_h.jpg,Graveyard 2.jpg,dolphin2.png,iguana7.png,goldendeliciousapple.png,kitchenscale02.png
Landscapes_041_h.jpg,Graveyard 3.jpg,dolphin3.png,iguana8.png,goldenkiwi.png,kite.png
Landscapes_042_h.jpg,Graveyard 4.jpg,dolphin4.png,Insect_1_masked.png,grape01.png,kneepad01c.png
Landscapes_045_h.jpg,graveyard1.jpg,dolphin5.png,Insect_4_masked.png,grape2.png,knifesharpener.png
Landscapes_046_h.jpg,graveyard2.jpg,donkey1.png,insect2.png,grapefruit.png,ladder.png
Landscapes_047_v.jpg,graveyard3.jpg,donkey2.png,insect3.png,grapes1.png,ladle02a.png
Landscapes_048_h.jpg,graveyard4.jpg,donkey4.png,insect5.png,green plum.png,lamp.png
Landscapes_049_h.jpg,graveyard5.jpg,dragonfly1.png,insect6.png,greenfig.png,laptop02.png
Landscapes_050_h.jpg,graveyard6.jpg,dragonfly2.png,jaguar1.png,greenmango2.png,laundrybasket.png
Landscapes_051_h.jpg,graveyard7.jpg,dragonfly3.png,jaguar2.png,greenolive.png,lawnmower.png
Landscapes_052_h.jpg,Gun 3.jpg,eagle1.png,jaguar3.png,greenonion.png,leafblower.png
Landscapes_053_h.jpg,Gun 9.jpg,eagle2.png,jellyfish1.png,grenadilla.png,leafrake.png
Landscapes_054_h.jpg,Gun 10.jpg,eagle3.png,jellyfish2.png,guava_pixabay.png,leveller.png
Landscapes_055_h.jpg,Hallway 1.jpg,elephant1.png,jellyfish3.png,habaneropepper.png,lightbulb01.png
Landscapes_056_h.jpg,highway1.jpg,elephant3.png,jellyfish4.png,hazelnut.png,lightswitch01.png
Landscapes_059_v.jpg,hospital1.jpg,ferret1.png,jellyfish5.png,hazelnuts.png,lintbrush.png
Landscapes_062_h.jpg,hospital2.jpg,fish1.png,jellyfish6.png,honedew.png,lintroller.png
Landscapes_063_h.jpg,hospital3.jpg,fish2.png,jellyfish7.png,honeydewmelon.png,litterbox.png
Landscapes_064_h.jpg,hurricane1.jpg,fish3.png,jellyfish8.png,honeytangerine.png,lock03a.png
Landscapes_065_h.jpg,hurricane2.jpg,fish4.png,junebug1.png,hornmelon.png,lockingplier.png
Landscapes_067_h.jpg,hurricane3.jpg,fish5.png,junebug2.png,horseradishroot.png,loppingshears.png
Landscapes_071_h.jpg,hurricane4.jpg,fish6.png,komododragon1.png,hotpepper.png,lunchbag.png
Landscapes_072_h.jpg,hurricane5.jpg,flamingo2.png,komododragon2.png,hubbard squash.png,machete.png
Landscapes_073_h.jpg,hurricane6.jpg,fox1.png,komododragon4.png,hungarianwaxpepper1.png,magnifyingglass.png
Landscapes_075_h.jpg,hurricane7.jpg,fox2.png,komododragon5.png,iceberglettuce.png,makeupbrush.png
Landscapes_081_h.jpg,hurricane8.jpg,fox3.png,komododragon6.png,jalapenopepper.png,mallet01b.png
Landscapes_082_v.jpg,hurricane9.jpg,fox4.png,komododragon7.png,jarofcapers.png,match.png
Landscapes_083_h.jpg,hurricane10.jpg,fox5.png,komododragon8.png,kiwi01a.png,matchcompass.png
Landscapes_084_v.jpg,industry1.jpg,gerbil1.png,komododragon9.png,kiwi03.png,mattress.png
Landscapes_085_h.jpg,industry2.jpg,gerbil3.png,leech1.png,kumquat.png,measuringcup01.png
Landscapes_086_v.jpg,industry3.jpg,giraffe1.png,leech2.png,leek.png,measuringspoon.png
Landscapes_087_h.jpg,industry4.jpg,giraffe2.png,lion1.png,leek1.png,measuringtape01.png
Landscapes_088_v.jpg,industry5.jpg,goat1.png,lion2.png,leek2.png,mechanicalpencil.png
Landscapes_089_h.jpg,industry6.jpg,goat2.png,lizard1.png,lemon02.png,metalscissors.png
Landscapes_090_h.jpg,industry7.png,greyhound1.png,lizard2.png,lemongrass.png,microwave.png
Landscapes_091_h.jpg,industry8.png,groundhog1.png,lizard3.png,lettuce.png,milwaukee-power-1.png
Landscapes_092_h.jpg,industry9.jpg,groundhog2.png,lizard4.png,lettuce1.png,minifridge.png
Landscapes_093_h.jpg,industry10.png,groundhog3.png,lizard5.png,lettuce2.png,mirror02.png
Landscapes_094_h.jpg,Jail 1.jpg,guineapig21.png,lizard6.png,limabeans.png,mitresaw.png
Landscapes_095_h.jpg,Jail 2.jpg,hare1.png,lobstermothcaterpillar1.png,lime.png,monitor.png
Landscapes_096_h.jpg,Jail 3.jpg,hedgehog1.png,mariboustork1.png,limequat.png,mortarandpestle.png
Landscapes_097_v.jpg,Jail 4.jpg,hedgehog2.png,milkweedbug1.png,loganberry.png,muffintray.png
Landscapes_098_h.jpg,Jail 5.jpg,hedgehog3.png,millipede1.png,longan.png,mug01.png
Landscapes_099_v.jpg,jail1.jpg,hedgehog4.png,millipede2.png,longpepper.png,nail.png
Landscapes_100_h.jpg,junk1.jpg,horse1.png,millipede3.png,lotusroot.png,nailclipper.png
Landscapes_101_v.jpg,junkyard1.jpg,horse2.png,mole1.png,lychee.png,nailgun.png
Landscapes_102_h.jpg,Knife 2.jpg,horse3.png,monkey1.png,lychee01.png,nailpolish.jpg
Landscapes_103_v.jpg,Landscapes_001_h.jpg,horse5.png,monkey2.png,lychee02.png,napkin.png
Landscapes_104_h.jpg,Landscapes_002_h.jpg,hummingbird1.png,monkey3.png,macademianut.png,needlenosepliers01.png
Landscapes_105_v.jpg,Landscapes_003_v.jpg,jackrabbit1.png,monkey4.png,madrona.png,notebook.png
Landscapes_106_v.jpg,Landscapes_004_h.jpg,kangaroo1.png,monkey6.png,malanga.png,nut.png
Landscapes_107_h.jpg,Landscapes_005_h.jpg,kangaroo2.png,monkey7.png,mandarin.png,officechair01.png
Landscapes_108_v.jpg,Landscapes_006_h.jpg,kingfisher1.png,monkey8.png,mango01.png,oneholepunch.png
Landscapes_109_h.jpg,Landscapes_007_h.jpg,kitten1.png,mosquito1.png,mango02a.png,outdoorchair.png
Landscapes_110_v.jpg,Landscapes_010_h.jpg,kitten2.png,mosquito3.png,mangosteen.png,outdoorfireplace.png
Landscapes_112_v.jpg,Landscapes_011_h.jpg,kitten3.png,mosquito4.png,medjootdate.png,outletadapter.png
Landscapes_113_h.jpg,Landscapes_012_h.jpg,kitten4.png,mosquito5.png,minimumpkin2.png,oven.png
Landscapes_114_v.jpg,Landscapes_013_v.jpg,kitten6.png,mosquito6.png,mint.png,paintbrush.png
Landscapes_115_v.jpg,Landscapes_014_h.jpg,kitten7.png,mosquito7.png,morelmushroom.png,paintcan.png
Landscapes_116_v.jpg,Landscapes_015_h.jpg,kitten8.png,mosquito8.png,mushroom01.png,painting.png
Landscapes_117_h.jpg,Landscapes_016_h.jpg,kitten9.png,mosquito9.png,muskedmelon.png,paintroller01.png
Landscapes_119_h.jpg,Landscapes_017_h.jpg,kitten10.png,mosquito10.png,muskmelon1.png,paintscraper.png
Landscapes_120_v.jpg,Landscapes_019_h.jpg,kitten11.png,murderhornet1.png,navelateorange.png,painttray.png
Landscapes_121_h.jpg,Landscapes_020_h.jpg,kitten12.png,murderhornet2.png,navelinaorange.png,paperclip03.png
Landscapes_122_v.jpg,Landscapes_022_h.jpg,koala1.png,murderhornet3.png,navelorange.png,pappershredder.png
Landscapes_123_h.jpg,Landscapes_024_v.jpg,koala2.png,nakedmolerat1.png,nectarine.png,parkingmeter.png
Landscapes_124_h.jpg,Landscapes_025_h.jpg,lab1.png,nakedmolerat2.png,nectarine2.png,pastaspoon.png
Landscapes_125_h.jpg,Landscapes_026_h.jpg,ladybug03.png,octopus1.png,okra.png,patiochair.png
Landscapes_126_h.jpg,Landscapes_027_v.jpg,lemur1.png,olm2.png,onion.png,peeler.png
Landscapes_127_h.jpg,Landscapes_028_h.jpg,lemur2.png,opossum2.png,orange.png,peeler01.png
Landscapes_128_h.jpg,Landscapes_029_v.jpg,lemur3.png,opossum3.png,orangepepper.png,pencil_sharpener.png
Landscapes_131_h.jpg,Landscapes_030_v.jpg,lioncub1.png,pangolin1.png,orangetomato.png,pencil02b.png
Landscapes_132_h.jpg,Landscapes_031_h.jpg,lioncub2.png,pigeon1.png,oystermushroom.png,pencilcase02b.png
Landscapes_133_h.jpg,Landscapes_032_v.jpg,madarinducks1.png,poisonouscaterpillar1.png,papaya1.png,pencilsharpener02a.png
Landscapes_134_h.jpg,Landscapes_033_h.jpg,manatee1.png,proboscismonkey1.png,papaya2.png,peppermill01a.png
Landscapes_137_h.jpg,Landscapes_036_h.jpg,manatee2.png,proboscismonkey2.png,parsley.png,pickaxe01.png
Landscapes_138_h.jpg,Landscapes_039_v.jpg,meerkat1.png,rattlesnake1.png,parsnip.png,pictureframe04.png
Landscapes_140_v.jpg,Landscapes_043_h.jpg,monkey1.png,rattlesnake2.png,passionfruit1.png,pillow01a.png
Landscapes_141_h.jpg,Landscapes_044_h.jpg,monkey2.png,rattlesnake3.png,peach.png,pincers.png
Landscapes_142_h.jpg,Landscapes_057_h.jpg,mountainsquirrel1.png,Reptile_5_masked.png,peach01.png,pipewrench.png
Landscapes_143_h.jpg,Landscapes_058_h.jpg,mouse1.png,Reptile_16_masked.png,peanut.png,pitcher02b.png
Landscapes_145_h.jpg,Landscapes_060_h.jpg,otter1.png,Reptile_21_masked.png,peanut01.png,pitchfork.png
Landscapes_146_h.jpg,Landscapes_061_h.jpg,owl1.png,Reptile_24_masked.png,peanuts.png,plasticbasket02a.png
Landscapes_147_h.jpg,Landscapes_063_h.jpg,owl2.png,rhinobeetle1.png,pear01.png,plate02b.png
Landscapes_148_h.jpg,Landscapes_066_h.jpg,panda1.png,rubytigerbug1.png,pearlonion.png,pliers.png
Landscapes_149_h.jpg,Landscapes_068_h.jpg,panda2.png,salamander1.png,pecan01.png,plunger02.png
Landscapes_150_v.jpg,Landscapes_070_h.jpg,parrot1.png,salamander2.png,pecan02.png,poolnet.png
Landscapes_151_h.jpg,Landscapes_074_h.jpg,parrot01.png,salamander3.png,pecans.png,postitnote.png
Landscapes_152_h.jpg,Landscapes_076_h.jpg,parrot2.png,salamander4.png,pepinomelon.png,pot.png
Landscapes_153_h.jpg,Landscapes_077_v.jpg,parrot3.png,salamander5.png,pepper01.png,potatomasher01b.png
Landscapes_154_h.jpg,Landscapes_078_h.jpg,parrot4.png,salamander6.png,pepper04a.png,pressurewasher.png
Landscapes_155_h.jpg,Landscapes_079_v.jpg,peacock1.png,salamander7.png,pepper06c.png,printer02.png
Landscapes_157_h.jpg,Landscapes_080_h.jpg,peacock2.png,scorpion2.png,persian melon.png,qtip.png
Landscapes_158_h.jpg,Landscapes_111_h.jpg,peacock3.png,scorpion3.png,persimmon.png,racket.png
Landscapes_161_h.jpg,Landscapes_118_v.jpg,penguin1.png,scorpion4.png,pickle01a.png,radiator.png
Landscapes_162_h.jpg,Landscapes_129_v.jpg,penguin2.png,scorpion5.png,pineapple1.png,radio02.png
Landscapes_163_h.jpg,Landscapes_135_h.jpg,Picture86.png,scorpion6.png,pineapple01a.png,razor01.png
Landscapes_164_h.jpg,Landscapes_136_h.jpg,Picture222.png,scorpion7.png,pistachio_1.png,remotecontrol04.png
Landscapes_165_h.jpg,Landscapes_139_h.jpg,Pig_1_masked.png,scorpionfly1.png,pistachio.png,rocking_chair.png
Landscapes_166_h.jpg,Landscapes_144_h.jpg,Pig_3_masked.png,scorpionfly2.png,pistachio2.png,rollerblade.png
Landscapes_167_h.jpg,Landscapes_156_h.jpg,pony1.png,scorpionfly3.png,plantain.png,rollingpin01a.png
Landscapes_168_h.jpg,Landscapes_159_h.jpg,puffin1.png,seacucumber1.png,plum01.png,rope03.png
Landscapes_169_h.jpg,Landscapes_160_v.jpg,puffin2.png,seacucumber3.png,pomegranate.png,rubberglove02a.png
Landscapes_171_v.jpg,Landscapes_170_h.jpg,pugdog1.png,seacucumber4.png,pomogranate.png,rubberglove02b.png
Landscapes_172_h.jpg,Landscapes_177_h.jpg,puppy1.png,seal1.png,portabellamushroom.png,rug01.png
Landscapes_173_h.jpg,Landscapes_182_v.jpg,puppy2.png,shark1.png,potato.png,ruler.png
Landscapes_174_h.jpg,Lava 1.jpg,puppy3.png,shark2.png,potato01.png,ruler04.png
Landscapes_175_h.jpg,Lightning 2.jpg,puppy4.png,shoebillstorck1.png,potato02b.png,safe.png
Landscapes_176_h.jpg,Lightning 4.jpg,puppy5.png,silkworm1.png,prune.png,safetyglasses.png
Landscapes_178_h.jpg,Lightning 6.jpg,puppy6.png,skink1.png,ptahaya.png,saltshaker03a.png
Landscapes_179_h.jpg,Lightning 7.jpg,puppy7.png,skink2.png,pumpkin.png,saucepan.png
Landscapes_180_h.jpg,lightning1.jpg,puppy8.png,skink6.png,purplecauliflower.png,saw01a.png
Landscapes_181_h.jpg,lightning2.jpg,puppy9.png,slug1.png,purplefig.png,scale01a.png
Landscapes_183_h.jpg,lightning3.jpg,puppy10.png,slug2.png,purpleplum.png,scanner.png
Landscapes_184_h.jpg,lightning4.jpg,puppy11.png,Snake_1_masked.png,purplepotato.png,scissors02b.png
Landscapes_185_v.jpg,Memorial 3.jpg,puppy12.png,Snake_3_masked.png,purplepotato2.png,scooter.png
lavender_field_1.png,memorial1.jpg,puppy13.png,Snake_4_masked.png,quince.png,scotchtape.png
lavender_field_2.png,mess1.jpg,quokka1.png,snake.png,quince1.png,screw.png
li_river_1.png,mess2.jpg,quokka3.png,snake1.png,radicchio.png,screwdriver.png
li_river_2.png,mess4.jpg,Rabbit_2_masked.png,snake2.png,radish01.png,screwdriver04b.png
Louvre.jpg,mess5.jpg,Rabbit_5_masked.png,snake3.png,raisin_1.png,scrubbingbrush05b.png
marble_caves_3.png,mess6.jpg,Rabbit_11_masked.png,snake4.png,raisin.png,servingspoon01.png
matterhorn_1.png,mess7.jpg,rabbit1.png,snake5.png,rambutan.png,set_square.png
melissanicave_2.png,mess8.jpg,rabbit2.png,snake6.png,raspberry01.png,sewingmachine01a.png
melissanicave_3.png,mess9.jpg,rabbit3.png,snake7.png,red potato.png,sharpening_steel.png
Mississippi_River.jpg,mess10.jpg,rabbit4.png,snake8.png,red_cabbage.png,shelf.png
moravian_fields_1.png,oilrig1.png,rabbit5.png,snake9.png,redcurrant.png,shelves.png
mount_everest_2.png,oilrig2.jpg,rabbit6.png,snake11.png,redcurrant2.png,shopvac.png
mount_everest.jpg,Pigeon 6.jpg,rabbit7.png,spider1.png,redgrapefruit.png,shovel.png
mt_sanqing_3.png,Plane crash 2.jpg,rabbit8.png,spider2.png,redkurisquash.png,showerhead01.png
na_pali_coast_1.png,Plane crash 3.jpg,rabbit9.png,spider3.png,redmango.png,sink.png
na_pali_coast_2.png,Plane crash 4.jpg,rabbit12.png,spider4.png,redonion.png,skate.png
na_pali_coast_3.png,planecrash1.jpg,ram1.png,spider5.png,redpear.png,sledgehammer.png
namaqualand_2.png,planecrash2.jpg,redbird1.png,spider6.png,redplum.png,small_saucepan.png
napa_valley_4.jpg,planecrash3.jpg,redfox.png,spider7.png,redpotato.png,smokedetector02.png
Napa_Valley.jpg,planecrash4.jpg,redpanda1.png,spider8.png,rhubarb.png,soap01.png
Nature 1.jpg,planecrash5.jpg,rodent3.png,spider9.png,romatomato.png,soapdispenser02.png
Nature 2.jpg,planecrash6.jpg,seaturtle1.png,spider10.jpg.png,rosemary.png,sofa.png
natures_window_3.png,planecrash7.jpg,seaturtle2.png,squid1.png,rubyredgrapefruit.png,solderingiron.png
niagra_falls_1.png,planecrash8.jpg,sheep1.png,squid2.png,saffronmushroom.png,spatula03.png
niagra_falls_2.png,planecrash9.jpg,sheep2.png,stinkbug1.png,sage.png,speaker04.png
niagra_falls_3.png,planecrash10.jpg,siamesecat1.png,tarantula1.png,santaclausmelon.png,spicerack.png
Niagra_Falls.jpg,Pollution 1.jpg,sleepingfox1.png,tick1.png,sapote.png,sponge01.png
niah_caves_1.png,pollution1.jpg,sloth1.png,tick2.png,seckelpear.png,spoon01.png
niah_caves_2.png,pollution2.jpg,sloth2.png,tick3.png,seedlessorange.png,spraybottle01.png
niah_caves_3.png,pollution3.jpg,sloth3.png,tick4.png,serranopepper.png,springdoorstop.png
Nile_River.jpg,pollution4.jpg,sloth4.png,toad1.png,shallot.png,squeegee01b.png
Notre_Dame.jpg,Prison 1.jpg,sloth5.png,toad2.png,snowpea01.png,staplegun.png
Path 1.jpg,prison1.png,snowybird1.png,toad3.png,soursop.png,stapler03a.png
Performance 1.jpg,prison2.png,sparrow1.png,toad4.png,spaghettisquash.png,stapleremover.png
Performance 2.jpg,prison3.jpg,sparrow2.png,toad5.png,spinach.png,stepladder.png
picos_de_europa_1.png,prison4.jpg,squirrel2.png,toad6.png,spritemelon.png,stool.png
picos_de_europa_3.png,prison5.jpg,squirrel3.png,toad7.png,sprouts.png,stool01.png
plitvice_lakes_1.png,prison6.jpg,squirrel4.png,toad8.png,squash.png,storagebin.png
plitvice_lakes_3.png,Railroad 1.jpg,squirrelmonkey1.png,toad9.png,starfruit.png,stovetop1.png
Rainbow 1.jpg,ruins1.jpg,starfish01.png,triton1.png,strawberry.png,strainer.png
Rainbow 2.jpg,ruins2.jpg,starlingbird1.png,unknown1.png,stringbean01.png,stubbywrench01a.png
red_beach_1.png,ruins3.jpg,sugarglider2.png,vampirebat2.png,stringbean03a.png,suitcase.png
red_beach_3.png,ruins4.jpg,swan1.png,vulture1.png,sugarapple.png,swissarmyknife01a.png
redwood_forest.jpg,ruins5.png,swan2.png,vulture2.png,summersquash.png,table.png
Road 1.jpg,ruins6.png,swan3.png,vulture3.png,sunflowerseed.png,table01.png
rock_of_gilbralter_2.png,ruins7.jpg,toucan1.png,warthog1.png,sunflowerseeds.png,tableknife02.png
Rocks 1.jpg,ruins8.jpg,turtle1.png,warthog2.png,sunflowerseeds2.png,tablesaw.png
Rocks 4.jpg,Running away 1.jpg,turtle2.png,warthog3.png,sweetredonion.png,teapot.png
rotorua_newzealand_2.png,Shark 3.jpg,turtle3.png,warthog4.png,tamarillo.png,telephone01b.png
Sailing 3.jpg,Storage 1.jpg,turtle4.png,warthog5.png,tamarind.png,television.png
samothraki_1.png,Storage 2.jpg,turtle5.png,wasp1.png,tangelo.png,thermometer02b.png
samothraki_3.png,Storage 3.jpg,vicuna.png,wasp2.png,tomato.png,threada.png
sarisarinama_sinkhole_1.png,storm1.jpg,wallaby1.png,wolf1.png,tomato01.png,thumbtack02a.png
Satellite 1.jpg,storm2.jpg,whale1.png,wolf3.png,tomato02.png,tissuebox01b.png
Sidewalk 4.jpg,storm3.jpg,whale2.png,wolf4.png,turbansquash.png,toaster01.png
Sierra_Nevada.jpg,storm4.jpg,whale3.png,wolf5.png,turnip.png,toasteroven.png
Sistine_Chapel.jpg,Thunderstorm 1.jpg,whale4.png,wolf6.png,turnip2.png,toilet.png
Space_Needle.jpg,Thunderstorm 3.jpg,willowtit1.png,wolverine1.png,vegetablemarrowsquash.png,toiletbrush.png
Statue 1.jpg,Thunderstorm 9.jpg,willowtit2.png,wolverwine2.png,walnut01c.png,toiletpaper01a.png
Street 3.jpg,Thunderstorm 10.jpg,zebra1.png,worm3.png,walnuts.png,tongs01b.png
Sunflower 1.jpg,Thunderstorm 11.jpg,zebra2.png,worm4.png,watermelon01.png,toolbox02.png
Sunset 1.jpg,Tornado 1.jpg,,worm5.png,watermelon02c.png,toothbrush03b.png
Sunset 2.jpg,Tornado 3.jpg,,worm7.png,whitecucumber.png,towelrack.png
Sunset 3.jpg,Tornado 4.jpg,,,whitegrape.png,travelmug.png
Sunset 4.jpg,Tornado 5.jpg,,,whitepeach.png,treadmill.png
Sunset 5.jpg,tornado1.jpg,,,whitepotato.png,trowel.png
Sunset 6.jpg,tornado2.jpg,,,whitepumpkin.png,tupperware03a.png
Swiss_Alps.jpg,tornado3.jpg,,,whiteradish.png,tweezers02a.png
Sydney_Opera_House.jpg,Torture chamber 1.jpg,,,whithegourd.png,umbrella04.png
Taj_Mahal.jpg,trash1.jpg,,,williams.png,usbcable01a.png
tigris_river_3.png,trash2.jpg,,,yam.png,vacuumcleaner01.png
torrest_del_paine_3.png,trash3.jpg,,,yams.png,wafflemaker.png
Tower_Bridge.jpg,trash4.jpg,,,yellow watermelon_E.png,wallclock.png
Tower_of_Pisa.jpg,trash5.jpg,,,yellow_plum.png,wardrobe.png
uluru_3.png,trash6.jpg,,,yellowbellpepper.png,washingmachine.png
victoria_falls_2.png,Volcano 2.jpg,,,yellowcherrytomato.png,wateringcan.png
Victoria_falls.jpg,volcano1.png,,,yellowcrookneck.png,webcam.png
wave_arizona_2.png,volcano2.jpg,,,yellowmango.png,weedwacker.png
Wedding 12.jpg,War 5.jpg,,,yellowplum.png,wheelbarrow01.png
white_desert_1.png,War 8.jpg,,,yellowzucchini.png,whisk.png
white_sand_3.png,waste1.jpg,,,yukongoldpotato.png,whiteout.png
yellowstone_1.png,waste2.jpg,,,zucchini01.png,wineglass01.png
Yellowstone.jpg,waste3.jpg,,,,woodenspoon.png
Yosemite.jpg,,,,,workglove02c.png
zhangy_danxia_1.png,,,,,worldmap.png
zhangye_danxia_2.png,,,,,