image_url_1,image_url_2,image_url_3,image_url_4,image_url_5,image_url_6,image_url_7,image_url_8,image_url_9,image_url_10,image_url_11,image_url_12,image_url_13,image_url_14,image_url_15,image_url_16,image_url_17,image_url_18,image_url_19,image_url_20,image_url_21,image_url_22,image_url_23,image_url_24
https://raw.githubusercontent.com/zacharybretton/stimuli_toberated/main/resized_positive_faces/BF16_HO.png,https://raw.githubusercontent.com/zacharybretton/stimuli_toberated/main/resized_positive_faces/CFD-WM-037-033-HC.png,https://raw.githubusercontent.com/zacharybretton/stimuli_toberated/main/resized_positive_faces/BF13_AC.png,https://raw.githubusercontent.com/zacharybretton/stimuli_toberated/main/resized_positive_faces/BM05_HO.png,https://raw.githubusercontent.com/zacharybretton/stimuli_toberated/main/resized_negative_faces/AM02_AO.png,https://raw.githubusercontent.com/zacharybretton/stimuli_toberated/main/resized_negative_faces/CFD-WM-036-018-A.png,https://raw.githubusercontent.com/zacharybretton/stimuli_toberated/main/resized_positive_faces/CFD-WF-010-008-HC.png,https://raw.githubusercontent.com/zacharybretton/stimuli_toberated/main/resized_negative_faces/AM11_AO.png,https://raw.githubusercontent.com/zacharybretton/stimuli_toberated/main/resized_positive_faces/BF19_HO.png,https://raw.githubusercontent.com/zacharybretton/stimuli_toberated/main/resized_negative_faces/HM05_AC.png,https://raw.githubusercontent.com/zacharybretton/stimuli_toberated/main/resized_positive_faces/WF03_HO.png,https://raw.githubusercontent.com/zacharybretton/stimuli_toberated/main/resized_positive_faces/BM18_HC.png,https://raw.githubusercontent.com/zacharybretton/stimuli_toberated/main/resized_positive_faces/AM09_HO.png,https://raw.githubusercontent.com/zacharybretton/stimuli_toberated/main/resized_positive_faces/HM03_HO.png,https://raw.githubusercontent.com/zacharybretton/stimuli_toberated/main/resized_negative_faces/AM07_AC.png,https://raw.githubusercontent.com/zacharybretton/stimuli_toberated/main/resized_negative_faces/WF07_AO.png,https://raw.githubusercontent.com/zacharybretton/stimuli_toberated/main/resized_positive_faces/BM05_HC.png,https://raw.githubusercontent.com/zacharybretton/stimuli_toberated/main/resized_positive_faces/OG_6189.png,https://raw.githubusercontent.com/zacharybretton/stimuli_toberated/main/resized_negative_faces/BF17_AO.png,https://raw.githubusercontent.com/zacharybretton/stimuli_toberated/main/resized_negative_faces/AM35ANS.png,https://raw.githubusercontent.com/zacharybretton/stimuli_toberated/main/resized_negative_faces/SS0302.png,https://raw.githubusercontent.com/zacharybretton/stimuli_toberated/main/resized_negative_faces/AM11ANS.png,https://raw.githubusercontent.com/zacharybretton/stimuli_toberated/main/resized_negative_faces/AM05_AC.png,https://raw.githubusercontent.com/zacharybretton/stimuli_toberated/main/resized_negative_faces/AF14ANS.png
https://raw.githubusercontent.com/zacharybretton/stimuli_toberated/main/resized_positive_faces/BF06_HO.png,https://raw.githubusercontent.com/zacharybretton/stimuli_toberated/main/resized_positive_faces/CFD-WF-033-005-HO.png,https://raw.githubusercontent.com/zacharybretton/stimuli_toberated/main/resized_negative_faces/HF03_AO.png,https://raw.githubusercontent.com/zacharybretton/stimuli_toberated/main/resized_negative_faces/CFD-BF-002-018-A.png,https://raw.githubusercontent.com/zacharybretton/stimuli_toberated/main/resized_negative_faces/AF15ANS.png,https://raw.githubusercontent.com/zacharybretton/stimuli_toberated/main/resized_negative_faces/AF30ANS.png,https://raw.githubusercontent.com/zacharybretton/stimuli_toberated/main/resized_positive_faces/BF14_HC.png,https://raw.githubusercontent.com/zacharybretton/stimuli_toberated/main/resized_positive_faces/CFD-WM-009-004-HO.png,https://raw.githubusercontent.com/zacharybretton/stimuli_toberated/main/resized_positive_faces/CFD-WF-034-061-HC.png,https://raw.githubusercontent.com/zacharybretton/stimuli_toberated/main/resized_negative_faces/CFD-WM-023-012-A.png,https://raw.githubusercontent.com/zacharybretton/stimuli_toberated/main/resized_negative_faces/AM03_AO.png,https://raw.githubusercontent.com/zacharybretton/stimuli_toberated/main/resized_negative_faces/HM07_AC.png,https://raw.githubusercontent.com/zacharybretton/stimuli_toberated/main/resized_negative_faces/AM03ANS.png,https://raw.githubusercontent.com/zacharybretton/stimuli_toberated/main/resized_positive_faces/HM05_HO.png,https://raw.githubusercontent.com/zacharybretton/stimuli_toberated/main/resized_negative_faces/CFD-BM-001-022-A.png,https://raw.githubusercontent.com/zacharybretton/stimuli_toberated/main/resized_positive_faces/AM10_HC.png,https://raw.githubusercontent.com/zacharybretton/stimuli_toberated/main/resized_positive_faces/CFD-WM-017-005-HO.png,https://raw.githubusercontent.com/zacharybretton/stimuli_toberated/main/resized_positive_faces/CFD-WF-026-018-HC.png,https://raw.githubusercontent.com/zacharybretton/stimuli_toberated/main/resized_negative_faces/CFD-WF-035-033-A.png,https://raw.githubusercontent.com/zacharybretton/stimuli_toberated/main/resized_positive_faces/BF14_HO.png,https://raw.githubusercontent.com/zacharybretton/stimuli_toberated/main/resized_positive_faces/HF02_HC.png,https://raw.githubusercontent.com/zacharybretton/stimuli_toberated/main/resized_negative_faces/BM14_AC.png,https://raw.githubusercontent.com/zacharybretton/stimuli_toberated/main/resized_negative_faces/CFD-WF-015-014-A.png,https://raw.githubusercontent.com/zacharybretton/stimuli_toberated/main/resized_positive_faces/CFD-WM-031-038-HC.png
https://raw.githubusercontent.com/zacharybretton/stimuli_toberated/main/resized_negative_faces/AM20ANS.png,https://raw.githubusercontent.com/zacharybretton/stimuli_toberated/main/resized_positive_faces/WM02_HO.png,https://raw.githubusercontent.com/zacharybretton/stimuli_toberated/main/resized_negative_faces/CFD-WF-016-021-A.png,https://raw.githubusercontent.com/zacharybretton/stimuli_toberated/main/resized_negative_faces/WF06_AO.png,https://raw.githubusercontent.com/zacharybretton/stimuli_toberated/main/resized_positive_faces/WF02_HO.png,https://raw.githubusercontent.com/zacharybretton/stimuli_toberated/main/resized_positive_faces/AF08_HO.png,https://raw.githubusercontent.com/zacharybretton/stimuli_toberated/main/resized_negative_faces/BF01_AO.png,https://raw.githubusercontent.com/zacharybretton/stimuli_toberated/main/resized_positive_faces/BM11_HC.png,https://raw.githubusercontent.com/zacharybretton/stimuli_toberated/main/resized_positive_faces/CFD-BF-001-018-HO.png,https://raw.githubusercontent.com/zacharybretton/stimuli_toberated/main/resized_negative_faces/CFD-WM-009-009-A.png,https://raw.githubusercontent.com/zacharybretton/stimuli_toberated/main/resized_negative_faces/MK_0173.png,https://raw.githubusercontent.com/zacharybretton/stimuli_toberated/main/resized_negative_faces/PB_0314.png,https://raw.githubusercontent.com/zacharybretton/stimuli_toberated/main/resized_negative_faces/AF03ANS.png,https://raw.githubusercontent.com/zacharybretton/stimuli_toberated/main/resized_positive_faces/CFD-WM-018-005-HC.png,https://raw.githubusercontent.com/zacharybretton/stimuli_toberated/main/resized_positive_faces/CFD-WM-022-003-HC.png,https://raw.githubusercontent.com/zacharybretton/stimuli_toberated/main/resized_negative_faces/AM04_AC.png,https://raw.githubusercontent.com/zacharybretton/stimuli_toberated/main/resized_positive_faces/BF15_HC.png,https://raw.githubusercontent.com/zacharybretton/stimuli_toberated/main/resized_positive_faces/MK1_0087.png,https://raw.githubusercontent.com/zacharybretton/stimuli_toberated/main/resized_negative_faces/CFD-WF-037-016-A.png,https://raw.githubusercontent.com/zacharybretton/stimuli_toberated/main/resized_negative_faces/WM06_AO.png,https://raw.githubusercontent.com/zacharybretton/stimuli_toberated/main/resized_positive_faces/CFD-BF-003-007-HC.png,https://raw.githubusercontent.com/zacharybretton/stimuli_toberated/main/resized_positive_faces/CFD-WM-009-006-HC.png,https://raw.githubusercontent.com/zacharybretton/stimuli_toberated/main/resized_positive_faces/KP_0051.png,https://raw.githubusercontent.com/zacharybretton/stimuli_toberated/main/resized_negative_faces/BF03_AO.png
https://raw.githubusercontent.com/zacharybretton/stimuli_toberated/main/resized_negative_faces/BM11_AC.png,https://raw.githubusercontent.com/zacharybretton/stimuli_toberated/main/resized_negative_faces/BM05_AC.png,https://raw.githubusercontent.com/zacharybretton/stimuli_toberated/main/resized_positive_faces/CFD-WF-019-032-HC.png,https://raw.githubusercontent.com/zacharybretton/stimuli_toberated/main/resized_positive_faces/CFD-WF-024-006-HO.png,https://raw.githubusercontent.com/zacharybretton/stimuli_toberated/main/resized_negative_faces/BM08_AO.png,https://raw.githubusercontent.com/zacharybretton/stimuli_toberated/main/resized_positive_faces/BM03_HO.png,https://raw.githubusercontent.com/zacharybretton/stimuli_toberated/main/resized_positive_faces/CFD-WF-013-009-HC.png,https://raw.githubusercontent.com/zacharybretton/stimuli_toberated/main/resized_negative_faces/BF20_AO.png,https://raw.githubusercontent.com/zacharybretton/stimuli_toberated/main/resized_negative_faces/AM09_AO.png,https://raw.githubusercontent.com/zacharybretton/stimuli_toberated/main/resized_positive_faces/BM08_HC.png,https://raw.githubusercontent.com/zacharybretton/stimuli_toberated/main/resized_positive_faces/CFD-WM-026-006-HO.png,https://raw.githubusercontent.com/zacharybretton/stimuli_toberated/main/resized_positive_faces/WF02_HC.png,https://raw.githubusercontent.com/zacharybretton/stimuli_toberated/main/resized_negative_faces/WF06_AC.png,https://raw.githubusercontent.com/zacharybretton/stimuli_toberated/main/resized_positive_faces/BM07_HO.png,https://raw.githubusercontent.com/zacharybretton/stimuli_toberated/main/resized_negative_faces/AM16ANS.png,https://raw.githubusercontent.com/zacharybretton/stimuli_toberated/main/resized_negative_faces/CFD-WF-033-031-A.png,https://raw.githubusercontent.com/zacharybretton/stimuli_toberated/main/resized_negative_faces/AF04ANS.png,https://raw.githubusercontent.com/zacharybretton/stimuli_toberated/main/resized_negative_faces/AM15ANS.png,https://raw.githubusercontent.com/zacharybretton/stimuli_toberated/main/resized_positive_faces/AF09_HC.png,https://raw.githubusercontent.com/zacharybretton/stimuli_toberated/main/resized_negative_faces/CFD-WM-018-007-A.png,https://raw.githubusercontent.com/zacharybretton/stimuli_toberated/main/resized_negative_faces/AM10_AO.png,https://raw.githubusercontent.com/zacharybretton/stimuli_toberated/main/resized_positive_faces/CFD-WF-022-019-HO.png,https://raw.githubusercontent.com/zacharybretton/stimuli_toberated/main/resized_positive_faces/CFD-WM-016-005-HC.png,https://raw.githubusercontent.com/zacharybretton/stimuli_toberated/main/resized_positive_faces/BM02_HC.png
https://raw.githubusercontent.com/zacharybretton/stimuli_toberated/main/resized_positive_faces/BF18_HO.png,https://raw.githubusercontent.com/zacharybretton/stimuli_toberated/main/resized_negative_faces/BM02_AO.png,https://raw.githubusercontent.com/zacharybretton/stimuli_toberated/main/resized_positive_faces/HM09_HC.png,https://raw.githubusercontent.com/zacharybretton/stimuli_toberated/main/resized_positive_faces/CFD-WM-023-007-HC.png,https://raw.githubusercontent.com/zacharybretton/stimuli_toberated/main/resized_positive_faces/BM11_HO.png,https://raw.githubusercontent.com/zacharybretton/stimuli_toberated/main/resized_negative_faces/CFD-WF-008-011-A.png,https://raw.githubusercontent.com/zacharybretton/stimuli_toberated/main/resized_positive_faces/BF20_HC.png,https://raw.githubusercontent.com/zacharybretton/stimuli_toberated/main/resized_positive_faces/CFD-WF-005-016-HC.png,https://raw.githubusercontent.com/zacharybretton/stimuli_toberated/main/resized_negative_faces/AM21ANS.png,https://raw.githubusercontent.com/zacharybretton/stimuli_toberated/main/resized_negative_faces/AF06_AO.png,https://raw.githubusercontent.com/zacharybretton/stimuli_toberated/main/resized_negative_faces/BM18_AC.png,https://raw.githubusercontent.com/zacharybretton/stimuli_toberated/main/resized_negative_faces/AM06_AO.png,https://raw.githubusercontent.com/zacharybretton/stimuli_toberated/main/resized_negative_faces/HM10_AO.png,https://raw.githubusercontent.com/zacharybretton/stimuli_toberated/main/resized_negative_faces/BM07_AC.png,https://raw.githubusercontent.com/zacharybretton/stimuli_toberated/main/resized_negative_faces/AF05_AC.png,https://raw.githubusercontent.com/zacharybretton/stimuli_toberated/main/resized_positive_faces/CFD-WF-021-006-HC.png,https://raw.githubusercontent.com/zacharybretton/stimuli_toberated/main/resized_negative_faces/CFD-WM-012-015-A.png,https://raw.githubusercontent.com/zacharybretton/stimuli_toberated/main/resized_positive_faces/CFD-WF-016-017-HC.png,https://raw.githubusercontent.com/zacharybretton/stimuli_toberated/main/resized_positive_faces/AF09_HO.png,https://raw.githubusercontent.com/zacharybretton/stimuli_toberated/main/resized_positive_faces/CFD-WF-030-031-HC.png,https://raw.githubusercontent.com/zacharybretton/stimuli_toberated/main/resized_negative_faces/BF12_AC.png,https://raw.githubusercontent.com/zacharybretton/stimuli_toberated/main/resized_negative_faces/AM07_AO.png,https://raw.githubusercontent.com/zacharybretton/stimuli_toberated/main/resized_positive_faces/AF11_HO.png,https://raw.githubusercontent.com/zacharybretton/stimuli_toberated/main/resized_positive_faces/CFD-WM-002-008-HC.png
https://raw.githubusercontent.com/zacharybretton/stimuli_toberated/main/resized_negative_faces/BF16_AO.png,https://raw.githubusercontent.com/zacharybretton/stimuli_toberated/main/resized_positive_faces/MG_0330.png,https://raw.githubusercontent.com/zacharybretton/stimuli_toberated/main/resized_positive_faces/AF12_HO.png,https://raw.githubusercontent.com/zacharybretton/stimuli_toberated/main/resized_negative_faces/HM09_AO.png,https://raw.githubusercontent.com/zacharybretton/stimuli_toberated/main/resized_negative_faces/AM08ANS.png,https://raw.githubusercontent.com/zacharybretton/stimuli_toberated/main/resized_negative_faces/WF05_AO.png,https://raw.githubusercontent.com/zacharybretton/stimuli_toberated/main/resized_negative_faces/AF07_AC.png,https://raw.githubusercontent.com/zacharybretton/stimuli_toberated/main/resized_negative_faces/WM03_AO.png,https://raw.githubusercontent.com/zacharybretton/stimuli_toberated/main/resized_positive_faces/BF05_HC.png,https://raw.githubusercontent.com/zacharybretton/stimuli_toberated/main/resized_positive_faces/CFD-WF-009-006-HC.png,https://raw.githubusercontent.com/zacharybretton/stimuli_toberated/main/resized_positive_faces/WM06_HO.png,https://raw.githubusercontent.com/zacharybretton/stimuli_toberated/main/resized_negative_faces/AF27ANS.png,https://raw.githubusercontent.com/zacharybretton/stimuli_toberated/main/resized_negative_faces/AM02ANS.png,https://raw.githubusercontent.com/zacharybretton/stimuli_toberated/main/resized_negative_faces/BF16_AC.png,https://raw.githubusercontent.com/zacharybretton/stimuli_toberated/main/resized_positive_faces/WF14_HO.png,https://raw.githubusercontent.com/zacharybretton/stimuli_toberated/main/resized_positive_faces/BM01_HC.png,https://raw.githubusercontent.com/zacharybretton/stimuli_toberated/main/resized_positive_faces/BF13_HC.png,https://raw.githubusercontent.com/zacharybretton/stimuli_toberated/main/resized_positive_faces/CFD-WF-009-004-HO.png,https://raw.githubusercontent.com/zacharybretton/stimuli_toberated/main/resized_negative_faces/BF21_AO.png,https://raw.githubusercontent.com/zacharybretton/stimuli_toberated/main/resized_positive_faces/HM08_HC.png,https://raw.githubusercontent.com/zacharybretton/stimuli_toberated/main/resized_negative_faces/WM10_AO.png,https://raw.githubusercontent.com/zacharybretton/stimuli_toberated/main/resized_positive_faces/CFD-WF-014-009-HC.png,https://raw.githubusercontent.com/zacharybretton/stimuli_toberated/main/resized_positive_faces/WF01_HO.png,https://raw.githubusercontent.com/zacharybretton/stimuli_toberated/main/resized_negative_faces/MS_0695.png
https://raw.githubusercontent.com/zacharybretton/stimuli_toberated/main/resized_positive_faces/BF20_HO.png,https://raw.githubusercontent.com/zacharybretton/stimuli_toberated/main/resized_positive_faces/HF07_HO.png,https://raw.githubusercontent.com/zacharybretton/stimuli_toberated/main/resized_negative_faces/HF09_AC.png,https://raw.githubusercontent.com/zacharybretton/stimuli_toberated/main/resized_negative_faces/BF14_AO.png,https://raw.githubusercontent.com/zacharybretton/stimuli_toberated/main/resized_positive_faces/BF03_HO.png,https://raw.githubusercontent.com/zacharybretton/stimuli_toberated/main/resized_positive_faces/CFD-WF-036-026-HO.png,https://raw.githubusercontent.com/zacharybretton/stimuli_toberated/main/resized_negative_faces/HF05_AO.png,https://raw.githubusercontent.com/zacharybretton/stimuli_toberated/main/resized_negative_faces/AM07ANS.png,https://raw.githubusercontent.com/zacharybretton/stimuli_toberated/main/resized_negative_faces/MR1_1802.png,https://raw.githubusercontent.com/zacharybretton/stimuli_toberated/main/resized_negative_faces/CFD-WM-013-015-A.png,https://raw.githubusercontent.com/zacharybretton/stimuli_toberated/main/resized_positive_faces/HF04_HC.png,https://raw.githubusercontent.com/zacharybretton/stimuli_toberated/main/resized_positive_faces/WM07_HO.png,https://raw.githubusercontent.com/zacharybretton/stimuli_toberated/main/resized_negative_faces/AF24ANS.png,https://raw.githubusercontent.com/zacharybretton/stimuli_toberated/main/resized_positive_faces/CFD-WM-023-004-HO.png,https://raw.githubusercontent.com/zacharybretton/stimuli_toberated/main/resized_negative_faces/AF07_AO copy.png,https://raw.githubusercontent.com/zacharybretton/stimuli_toberated/main/resized_positive_faces/MB_0048.png,https://raw.githubusercontent.com/zacharybretton/stimuli_toberated/main/resized_negative_faces/CFD-WM-011-011-A.png,https://raw.githubusercontent.com/zacharybretton/stimuli_toberated/main/resized_negative_faces/CFD-WM-032-014-A.png,https://raw.githubusercontent.com/zacharybretton/stimuli_toberated/main/resized_positive_faces/CFD-WM-024-003-HO.png,https://raw.githubusercontent.com/zacharybretton/stimuli_toberated/main/resized_positive_faces/CFD-WM-035-033-HO.png,https://raw.githubusercontent.com/zacharybretton/stimuli_toberated/main/resized_negative_faces/CFD-BM-005-010-A.png,https://raw.githubusercontent.com/zacharybretton/stimuli_toberated/main/resized_negative_faces/WM11_AO.png,https://raw.githubusercontent.com/zacharybretton/stimuli_toberated/main/resized_positive_faces/AG_0086.png,https://raw.githubusercontent.com/zacharybretton/stimuli_toberated/main/resized_positive_faces/CFD-WF-007-005-HC.png
https://raw.githubusercontent.com/zacharybretton/stimuli_toberated/main/resized_positive_faces/CFD-WF-027-007-HC.png,https://raw.githubusercontent.com/zacharybretton/stimuli_toberated/main/resized_negative_faces/AF07ANS.png,https://raw.githubusercontent.com/zacharybretton/stimuli_toberated/main/resized_negative_faces/AF22ANS.png,https://raw.githubusercontent.com/zacharybretton/stimuli_toberated/main/resized_negative_faces/CFD-WM-021-009-A.png,https://raw.githubusercontent.com/zacharybretton/stimuli_toberated/main/resized_positive_faces/AM01_HC.png,https://raw.githubusercontent.com/zacharybretton/stimuli_toberated/main/resized_positive_faces/WM06_HC.png,https://raw.githubusercontent.com/zacharybretton/stimuli_toberated/main/resized_positive_faces/CFD-WF-029-023-HC.png,https://raw.githubusercontent.com/zacharybretton/stimuli_toberated/main/resized_positive_faces/BF16_HC.png,https://raw.githubusercontent.com/zacharybretton/stimuli_toberated/main/resized_positive_faces/HM06_HO.png,https://raw.githubusercontent.com/zacharybretton/stimuli_toberated/main/resized_negative_faces/BM14_AO.png,https://raw.githubusercontent.com/zacharybretton/stimuli_toberated/main/resized_negative_faces/KP_0760.png,https://raw.githubusercontent.com/zacharybretton/stimuli_toberated/main/resized_negative_faces/AM04ANS.png,https://raw.githubusercontent.com/zacharybretton/stimuli_toberated/main/resized_positive_faces/CFD-WM-029-029-HO.png,https://raw.githubusercontent.com/zacharybretton/stimuli_toberated/main/resized_positive_faces/HF01_HC.png,https://raw.githubusercontent.com/zacharybretton/stimuli_toberated/main/resized_negative_faces/HF02_AO.png,https://raw.githubusercontent.com/zacharybretton/stimuli_toberated/main/resized_positive_faces/KA_0043.png,https://raw.githubusercontent.com/zacharybretton/stimuli_toberated/main/resized_negative_faces/HM08_AC.png,https://raw.githubusercontent.com/zacharybretton/stimuli_toberated/main/resized_positive_faces/HW_0068.png,https://raw.githubusercontent.com/zacharybretton/stimuli_toberated/main/resized_negative_faces/WM10_AC.png,https://raw.githubusercontent.com/zacharybretton/stimuli_toberated/main/resized_negative_faces/AM34ANS.png,https://raw.githubusercontent.com/zacharybretton/stimuli_toberated/main/resized_positive_faces/BF02_HO.png,https://raw.githubusercontent.com/zacharybretton/stimuli_toberated/main/resized_negative_faces/BM17_AC.png,https://raw.githubusercontent.com/zacharybretton/stimuli_toberated/main/resized_positive_faces/BM17_HO.png,https://raw.githubusercontent.com/zacharybretton/stimuli_toberated/main/resized_negative_faces/KL_1182.png
https://raw.githubusercontent.com/zacharybretton/stimuli_toberated/main/resized_positive_faces/AM05_HO.png,https://raw.githubusercontent.com/zacharybretton/stimuli_toberated/main/resized_negative_faces/CFD-WM-016-008-A.png,https://raw.githubusercontent.com/zacharybretton/stimuli_toberated/main/resized_positive_faces/AM11_HC.png,https://raw.githubusercontent.com/zacharybretton/stimuli_toberated/main/resized_positive_faces/CFD-BF-004-008-HC.png,https://raw.githubusercontent.com/zacharybretton/stimuli_toberated/main/resized_negative_faces/BM03_AO.png,https://raw.githubusercontent.com/zacharybretton/stimuli_toberated/main/resized_negative_faces/AF17ANS.png,https://raw.githubusercontent.com/zacharybretton/stimuli_toberated/main/resized_negative_faces/AF08_AC.png,https://raw.githubusercontent.com/zacharybretton/stimuli_toberated/main/resized_positive_faces/CFD-WM-039-008-HO.png,https://raw.githubusercontent.com/zacharybretton/stimuli_toberated/main/resized_positive_faces/CFD-WM-025-019-HO.png,https://raw.githubusercontent.com/zacharybretton/stimuli_toberated/main/resized_positive_faces/AM01_HO.png,https://raw.githubusercontent.com/zacharybretton/stimuli_toberated/main/resized_positive_faces/BF04_HC.png,https://raw.githubusercontent.com/zacharybretton/stimuli_toberated/main/resized_negative_faces/AM08_AC.png,https://raw.githubusercontent.com/zacharybretton/stimuli_toberated/main/resized_negative_faces/AF10ANS.png,https://raw.githubusercontent.com/zacharybretton/stimuli_toberated/main/resized_negative_faces/AM22ANS.png,https://raw.githubusercontent.com/zacharybretton/stimuli_toberated/main/resized_negative_faces/CFD-WF-001-016-A.png,https://raw.githubusercontent.com/zacharybretton/stimuli_toberated/main/resized_negative_faces/AF25ANS.png,https://raw.githubusercontent.com/zacharybretton/stimuli_toberated/main/resized_positive_faces/CFD-WM-001-011-HO.png,https://raw.githubusercontent.com/zacharybretton/stimuli_toberated/main/resized_negative_faces/CFD-WM-041-009-A.png,https://raw.githubusercontent.com/zacharybretton/stimuli_toberated/main/resized_positive_faces/CFD-WF-017-016-HC.png,https://raw.githubusercontent.com/zacharybretton/stimuli_toberated/main/resized_positive_faces/BF21_HC.png,https://raw.githubusercontent.com/zacharybretton/stimuli_toberated/main/resized_positive_faces/CFD-WF-038-027-HC.png,https://raw.githubusercontent.com/zacharybretton/stimuli_toberated/main/resized_negative_faces/CFD-WF-006-019-A.png,https://raw.githubusercontent.com/zacharybretton/stimuli_toberated/main/resized_negative_faces/BF04_AC.png,https://raw.githubusercontent.com/zacharybretton/stimuli_toberated/main/resized_positive_faces/BM12_HC.png
https://raw.githubusercontent.com/zacharybretton/stimuli_toberated/main/resized_positive_faces/AM02_HC.png,https://raw.githubusercontent.com/zacharybretton/stimuli_toberated/main/resized_negative_faces/BF07_AO.png,https://raw.githubusercontent.com/zacharybretton/stimuli_toberated/main/resized_negative_faces/CFD-WF-003-014-A.png,https://raw.githubusercontent.com/zacharybretton/stimuli_toberated/main/resized_negative_faces/HF10_AO.png,https://raw.githubusercontent.com/zacharybretton/stimuli_toberated/main/resized_negative_faces/BM13_AC.png,https://raw.githubusercontent.com/zacharybretton/stimuli_toberated/main/resized_negative_faces/AF08_AO.png,https://raw.githubusercontent.com/zacharybretton/stimuli_toberated/main/resized_positive_faces/CFD-BM-018-004-HC.png,https://raw.githubusercontent.com/zacharybretton/stimuli_toberated/main/resized_positive_faces/BM18_HO.png,https://raw.githubusercontent.com/zacharybretton/stimuli_toberated/main/resized_negative_faces/BM16_AO.png,https://raw.githubusercontent.com/zacharybretton/stimuli_toberated/main/resized_negative_faces/WF05_AC.png,https://raw.githubusercontent.com/zacharybretton/stimuli_toberated/main/resized_positive_faces/CFD-WF-039-008-HC.png,https://raw.githubusercontent.com/zacharybretton/stimuli_toberated/main/resized_negative_faces/BF01_AC.png,https://raw.githubusercontent.com/zacharybretton/stimuli_toberated/main/resized_negative_faces/AF20ANS.png,https://raw.githubusercontent.com/zacharybretton/stimuli_toberated/main/resized_positive_faces/WF01_HC.png,https://raw.githubusercontent.com/zacharybretton/stimuli_toberated/main/resized_positive_faces/CFD-WF-031-009-HC.png,https://raw.githubusercontent.com/zacharybretton/stimuli_toberated/main/resized_positive_faces/CFD-WF-026-008-A.png,https://raw.githubusercontent.com/zacharybretton/stimuli_toberated/main/resized_positive_faces/HF09_HC.png,https://raw.githubusercontent.com/zacharybretton/stimuli_toberated/main/resized_positive_faces/BM01_HO.png,https://raw.githubusercontent.com/zacharybretton/stimuli_toberated/main/resized_positive_faces/BF01_HO.png,https://raw.githubusercontent.com/zacharybretton/stimuli_toberated/main/resized_negative_faces/AM09_AC.png,https://raw.githubusercontent.com/zacharybretton/stimuli_toberated/main/resized_positive_faces/SS_0018.png,https://raw.githubusercontent.com/zacharybretton/stimuli_toberated/main/resized_negative_faces/CFD-BF-001-026-A.png,https://raw.githubusercontent.com/zacharybretton/stimuli_toberated/main/resized_negative_faces/WF04_AO.png,https://raw.githubusercontent.com/zacharybretton/stimuli_toberated/main/resized_positive_faces/CFD-WF-029-021-HO.png
https://raw.githubusercontent.com/zacharybretton/stimuli_toberated/main/resized_positive_faces/AM07_HC.png,https://raw.githubusercontent.com/zacharybretton/stimuli_toberated/main/resized_negative_faces/AF03_AO.png,https://raw.githubusercontent.com/zacharybretton/stimuli_toberated/main/resized_positive_faces/HM04_HO.png,https://raw.githubusercontent.com/zacharybretton/stimuli_toberated/main/resized_negative_faces/BF20_AC.png,https://raw.githubusercontent.com/zacharybretton/stimuli_toberated/main/resized_negative_faces/HF04_AO.png,https://raw.githubusercontent.com/zacharybretton/stimuli_toberated/main/resized_negative_faces/079_o_f_a_a.png,https://raw.githubusercontent.com/zacharybretton/stimuli_toberated/main/resized_positive_faces/CFD-WF-013-006-HO.png,https://raw.githubusercontent.com/zacharybretton/stimuli_toberated/main/resized_positive_faces/HF03_HC.png,https://raw.githubusercontent.com/zacharybretton/stimuli_toberated/main/resized_positive_faces/WF11_HC.png,https://raw.githubusercontent.com/zacharybretton/stimuli_toberated/main/resized_negative_faces/CFD-WF-013-015-A.png,https://raw.githubusercontent.com/zacharybretton/stimuli_toberated/main/resized_negative_faces/WF15_AC.png,https://raw.githubusercontent.com/zacharybretton/stimuli_toberated/main/resized_negative_faces/BM15_AC.png,https://raw.githubusercontent.com/zacharybretton/stimuli_toberated/main/resized_positive_faces/AF08_HC.png,https://raw.githubusercontent.com/zacharybretton/stimuli_toberated/main/resized_positive_faces/CFD-WM-006-010-HO.png,https://raw.githubusercontent.com/zacharybretton/stimuli_toberated/main/resized_positive_faces/CFD-WM-004-006-HO.png,https://raw.githubusercontent.com/zacharybretton/stimuli_toberated/main/resized_negative_faces/AM26ANS.png,https://raw.githubusercontent.com/zacharybretton/stimuli_toberated/main/resized_positive_faces/BM14_HC.png,https://raw.githubusercontent.com/zacharybretton/stimuli_toberated/main/resized_positive_faces/CFD-WF-027-021-HO.png,https://raw.githubusercontent.com/zacharybretton/stimuli_toberated/main/resized_negative_faces/AF11ANS.png,https://raw.githubusercontent.com/zacharybretton/stimuli_toberated/main/resized_negative_faces/BM18_AO.png,https://raw.githubusercontent.com/zacharybretton/stimuli_toberated/main/resized_negative_faces/HM06_AC.png,https://raw.githubusercontent.com/zacharybretton/stimuli_toberated/main/resized_positive_faces/AF01_HO.png,https://raw.githubusercontent.com/zacharybretton/stimuli_toberated/main/resized_negative_faces/CFD-WF-012-012-A.png,https://raw.githubusercontent.com/zacharybretton/stimuli_toberated/main/resized_positive_faces/CFD-WF-031-005-HO.png
https://raw.githubusercontent.com/zacharybretton/stimuli_toberated/main/resized_negative_faces/BF10_AO.png,https://raw.githubusercontent.com/zacharybretton/stimuli_toberated/main/resized_negative_faces/AM01ANS.png,https://raw.githubusercontent.com/zacharybretton/stimuli_toberated/main/resized_positive_faces/BM07_HC.png,https://raw.githubusercontent.com/zacharybretton/stimuli_toberated/main/resized_positive_faces/CFD-BF-002-006-HC.png,https://raw.githubusercontent.com/zacharybretton/stimuli_toberated/main/resized_positive_faces/CFD-WF-023-021-HC.png,https://raw.githubusercontent.com/zacharybretton/stimuli_toberated/main/resized_positive_faces/CFD-WM-012-007-HC.png,https://raw.githubusercontent.com/zacharybretton/stimuli_toberated/main/resized_positive_faces/AF02_HC.png,https://raw.githubusercontent.com/zacharybretton/stimuli_toberated/main/resized_positive_faces/WF04_HO.png,https://raw.githubusercontent.com/zacharybretton/stimuli_toberated/main/resized_negative_faces/116_m_m_a_a.png,https://raw.githubusercontent.com/zacharybretton/stimuli_toberated/main/resized_positive_faces/BF01_HC.png,https://raw.githubusercontent.com/zacharybretton/stimuli_toberated/main/resized_negative_faces/CFD-WF-024-029-A.png,https://raw.githubusercontent.com/zacharybretton/stimuli_toberated/main/resized_negative_faces/WF08_AO.png,https://raw.githubusercontent.com/zacharybretton/stimuli_toberated/main/resized_positive_faces/WM13_HC.png,https://raw.githubusercontent.com/zacharybretton/stimuli_toberated/main/resized_negative_faces/BM09_AO.png,https://raw.githubusercontent.com/zacharybretton/stimuli_toberated/main/resized_negative_faces/AM14ANS.png,https://raw.githubusercontent.com/zacharybretton/stimuli_toberated/main/resized_negative_faces/CFD-WF-023-013-A.png,https://raw.githubusercontent.com/zacharybretton/stimuli_toberated/main/resized_negative_faces/nan,https://raw.githubusercontent.com/zacharybretton/stimuli_toberated/main/resized_negative_faces/AF19ANS.png,https://raw.githubusercontent.com/zacharybretton/stimuli_toberated/main/resized_positive_faces/CFD-WF-005-013-HO.png,https://raw.githubusercontent.com/zacharybretton/stimuli_toberated/main/resized_negative_faces/BF03_AC.png,https://raw.githubusercontent.com/zacharybretton/stimuli_toberated/main/resized_positive_faces/BF12_HC.png,https://raw.githubusercontent.com/zacharybretton/stimuli_toberated/main/resized_positive_faces/AM08_HO.png,https://raw.githubusercontent.com/zacharybretton/stimuli_toberated/main/resized_negative_faces/AF12ANS.png,https://raw.githubusercontent.com/zacharybretton/stimuli_toberated/main/resized_positive_faces/CFD-WM-013-006-HO.png
https://raw.githubusercontent.com/zacharybretton/stimuli_toberated/main/resized_negative_faces/HW_1612.png,https://raw.githubusercontent.com/zacharybretton/stimuli_toberated/main/resized_negative_faces/BF07_AC.png,https://raw.githubusercontent.com/zacharybretton/stimuli_toberated/main/resized_negative_faces/AM32ANS - Copy.png,https://raw.githubusercontent.com/zacharybretton/stimuli_toberated/main/resized_positive_faces/WF11_HO.png,https://raw.githubusercontent.com/zacharybretton/stimuli_toberated/main/resized_positive_faces/CFD-WM-020-003-HO.png,https://raw.githubusercontent.com/zacharybretton/stimuli_toberated/main/resized_negative_faces/140_y_f_a_a.png,https://raw.githubusercontent.com/zacharybretton/stimuli_toberated/main/resized_positive_faces/CFD-WM-003-006-HC.png,https://raw.githubusercontent.com/zacharybretton/stimuli_toberated/main/resized_negative_faces/CFD-WM-002-017-A.png,https://raw.githubusercontent.com/zacharybretton/stimuli_toberated/main/resized_positive_faces/HM10_HO.bmp,https://raw.githubusercontent.com/zacharybretton/stimuli_toberated/main/resized_negative_faces/AF26ANS.png,https://raw.githubusercontent.com/zacharybretton/stimuli_toberated/main/resized_negative_faces/CFD-WF-039-032-A.png,https://raw.githubusercontent.com/zacharybretton/stimuli_toberated/main/resized_positive_faces/BM17_HC.png,https://raw.githubusercontent.com/zacharybretton/stimuli_toberated/main/resized_negative_faces/HF02_AC.png,https://raw.githubusercontent.com/zacharybretton/stimuli_toberated/main/resized_negative_faces/BM04_AC.png,https://raw.githubusercontent.com/zacharybretton/stimuli_toberated/main/resized_positive_faces/BF04_HO.png,https://raw.githubusercontent.com/zacharybretton/stimuli_toberated/main/resized_positive_faces/AM06_HO.png,https://raw.githubusercontent.com/zacharybretton/stimuli_toberated/main/resized_positive_faces/AF02_HO.png,https://raw.githubusercontent.com/zacharybretton/stimuli_toberated/main/resized_positive_faces/dc_0139_E.png,https://raw.githubusercontent.com/zacharybretton/stimuli_toberated/main/resized_negative_faces/CFD-WF-010-014-A.png,https://raw.githubusercontent.com/zacharybretton/stimuli_toberated/main/resized_negative_faces/WF15_AO.png,https://raw.githubusercontent.com/zacharybretton/stimuli_toberated/main/resized_positive_faces/CFD-WM-019-009-HO.png,https://raw.githubusercontent.com/zacharybretton/stimuli_toberated/main/resized_positive_faces/CFD-BM-017-052-HC.png,https://raw.githubusercontent.com/zacharybretton/stimuli_toberated/main/resized_negative_faces/AF11_AO.png,https://raw.githubusercontent.com/zacharybretton/stimuli_toberated/main/resized_positive_faces/CFD-WF-018-018-HO.png
https://raw.githubusercontent.com/zacharybretton/stimuli_toberated/main/resized_positive_faces/WM03_HO.png,https://raw.githubusercontent.com/zacharybretton/stimuli_toberated/main/resized_negative_faces/CFD-WM-020-008-A.png,https://raw.githubusercontent.com/zacharybretton/stimuli_toberated/main/resized_positive_faces/BM03_HC.png,https://raw.githubusercontent.com/zacharybretton/stimuli_toberated/main/resized_positive_faces/CFD-WF-011-006-HC.png,https://raw.githubusercontent.com/zacharybretton/stimuli_toberated/main/resized_positive_faces/CFD-WM-014-004-HO.png,https://raw.githubusercontent.com/zacharybretton/stimuli_toberated/main/resized_positive_faces/CFD-WM-011-006-HC.png,https://raw.githubusercontent.com/zacharybretton/stimuli_toberated/main/resized_negative_faces/WM07_AO.png,https://raw.githubusercontent.com/zacharybretton/stimuli_toberated/main/resized_positive_faces/CFD-WF-026-017-HO.png,https://raw.githubusercontent.com/zacharybretton/stimuli_toberated/main/resized_negative_faces/AF10_AO.png,https://raw.githubusercontent.com/zacharybretton/stimuli_toberated/main/resized_negative_faces/HM01_AC.png,https://raw.githubusercontent.com/zacharybretton/stimuli_toberated/main/resized_positive_faces/WF06_HC.png,https://raw.githubusercontent.com/zacharybretton/stimuli_toberated/main/resized_negative_faces/BF18_AO.png,https://raw.githubusercontent.com/zacharybretton/stimuli_toberated/main/resized_negative_faces/AM10_AC.png,https://raw.githubusercontent.com/zacharybretton/stimuli_toberated/main/resized_positive_faces/AM05_HC.png,https://raw.githubusercontent.com/zacharybretton/stimuli_toberated/main/resized_positive_faces/CFD-WF-002-008-HC.png,https://raw.githubusercontent.com/zacharybretton/stimuli_toberated/main/resized_negative_faces/BF09_AC.png,https://raw.githubusercontent.com/zacharybretton/stimuli_toberated/main/resized_negative_faces/HF01_AC.png,https://raw.githubusercontent.com/zacharybretton/stimuli_toberated/main/resized_negative_faces/BM13_AO.png,https://raw.githubusercontent.com/zacharybretton/stimuli_toberated/main/resized_negative_faces/CFD-WF-027-014-A.png,https://raw.githubusercontent.com/zacharybretton/stimuli_toberated/main/resized_positive_faces/HF09_HO.png,https://raw.githubusercontent.com/zacharybretton/stimuli_toberated/main/resized_positive_faces/CFD-WM-040-025-HC.png,https://raw.githubusercontent.com/zacharybretton/stimuli_toberated/main/resized_negative_faces/CFD-WF-021-018-A.png,https://raw.githubusercontent.com/zacharybretton/stimuli_toberated/main/resized_positive_faces/CFD-WM-029-009-HC.png,https://raw.githubusercontent.com/zacharybretton/stimuli_toberated/main/resized_negative_faces/WF11_AC.png
https://raw.githubusercontent.com/zacharybretton/stimuli_toberated/main/resized_positive_faces/BM16_HC.png,https://raw.githubusercontent.com/zacharybretton/stimuli_toberated/main/resized_positive_faces/CFD-WF-015-022-HO.png,https://raw.githubusercontent.com/zacharybretton/stimuli_toberated/main/resized_negative_faces/BM01_AC.png,https://raw.githubusercontent.com/zacharybretton/stimuli_toberated/main/resized_positive_faces/BM09_HC.png,https://raw.githubusercontent.com/zacharybretton/stimuli_toberated/main/resized_negative_faces/HF08_AC.png,https://raw.githubusercontent.com/zacharybretton/stimuli_toberated/main/resized_negative_faces/AF32ANS.png,https://raw.githubusercontent.com/zacharybretton/stimuli_toberated/main/resized_negative_faces/AM11_AC.png,https://raw.githubusercontent.com/zacharybretton/stimuli_toberated/main/resized_positive_faces/CFD-WF-034-033-HO.png,https://raw.githubusercontent.com/zacharybretton/stimuli_toberated/main/resized_positive_faces/HF08_HC.png,https://raw.githubusercontent.com/zacharybretton/stimuli_toberated/main/resized_negative_faces/BF14_AC.png,https://raw.githubusercontent.com/zacharybretton/stimuli_toberated/main/resized_negative_faces/CFD-WM-026-019-A.png,https://raw.githubusercontent.com/zacharybretton/stimuli_toberated/main/resized_negative_faces/HM01_AO.png,https://raw.githubusercontent.com/zacharybretton/stimuli_toberated/main/resized_negative_faces/HF09_AO.png,https://raw.githubusercontent.com/zacharybretton/stimuli_toberated/main/resized_positive_faces/BF07_HO.png,https://raw.githubusercontent.com/zacharybretton/stimuli_toberated/main/resized_positive_faces/HF05_HO.png,https://raw.githubusercontent.com/zacharybretton/stimuli_toberated/main/resized_positive_faces/HF10_HC.png,https://raw.githubusercontent.com/zacharybretton/stimuli_toberated/main/resized_negative_faces/AM18ANS.png,https://raw.githubusercontent.com/zacharybretton/stimuli_toberated/main/resized_negative_faces/CFD-BF-004-021-A.png,https://raw.githubusercontent.com/zacharybretton/stimuli_toberated/main/resized_positive_faces/CFD-WM-033-006-HC.png,https://raw.githubusercontent.com/zacharybretton/stimuli_toberated/main/resized_negative_faces/AM30ANS.png,https://raw.githubusercontent.com/zacharybretton/stimuli_toberated/main/resized_positive_faces/BM04_HO.png,https://raw.githubusercontent.com/zacharybretton/stimuli_toberated/main/resized_negative_faces/BM12_AO.png,https://raw.githubusercontent.com/zacharybretton/stimuli_toberated/main/resized_positive_faces/CFD-WF-007-003-HO.png,https://raw.githubusercontent.com/zacharybretton/stimuli_toberated/main/resized_positive_faces/CFD-WF-025-023-HC.png
https://raw.githubusercontent.com/zacharybretton/stimuli_toberated/main/resized_positive_faces/MS_0291.png,https://raw.githubusercontent.com/zacharybretton/stimuli_toberated/main/resized_positive_faces/AM09_HC.png,https://raw.githubusercontent.com/zacharybretton/stimuli_toberated/main/resized_positive_faces/CFD-BF-001-021-HC.png,https://raw.githubusercontent.com/zacharybretton/stimuli_toberated/main/resized_positive_faces/MK_0040.png,https://raw.githubusercontent.com/zacharybretton/stimuli_toberated/main/resized_positive_faces/CFD-BM-011-019-HC.png,https://raw.githubusercontent.com/zacharybretton/stimuli_toberated/main/resized_negative_faces/AF11_AC.png,https://raw.githubusercontent.com/zacharybretton/stimuli_toberated/main/resized_negative_faces/AD_9681-lo.png,https://raw.githubusercontent.com/zacharybretton/stimuli_toberated/main/resized_positive_faces/HF01_HO.png,https://raw.githubusercontent.com/zacharybretton/stimuli_toberated/main/resized_positive_faces/CFD-BM-002-011-HC.png,https://raw.githubusercontent.com/zacharybretton/stimuli_toberated/main/resized_negative_faces/BF02_AC.png,https://raw.githubusercontent.com/zacharybretton/stimuli_toberated/main/resized_negative_faces/nan,https://raw.githubusercontent.com/zacharybretton/stimuli_toberated/main/resized_positive_faces/WM11_HO.png,https://raw.githubusercontent.com/zacharybretton/stimuli_toberated/main/resized_positive_faces/AF03_HC.png,https://raw.githubusercontent.com/zacharybretton/stimuli_toberated/main/resized_positive_faces/WF03_HC.png,https://raw.githubusercontent.com/zacharybretton/stimuli_toberated/main/resized_negative_faces/BF04_AO.png,https://raw.githubusercontent.com/zacharybretton/stimuli_toberated/main/resized_negative_faces/AF13ANS.png,https://raw.githubusercontent.com/zacharybretton/stimuli_toberated/main/resized_positive_faces/WM04_HC.png,https://raw.githubusercontent.com/zacharybretton/stimuli_toberated/main/resized_negative_faces/WM08_AC.png,https://raw.githubusercontent.com/zacharybretton/stimuli_toberated/main/resized_negative_faces/WF07_AC.png,https://raw.githubusercontent.com/zacharybretton/stimuli_toberated/main/resized_negative_faces/BF05_AO.png,https://raw.githubusercontent.com/zacharybretton/stimuli_toberated/main/resized_positive_faces/AM06_HC.png,https://raw.githubusercontent.com/zacharybretton/stimuli_toberated/main/resized_negative_faces/HF03_AC.png,https://raw.githubusercontent.com/zacharybretton/stimuli_toberated/main/resized_negative_faces/SO_0071.png,https://raw.githubusercontent.com/zacharybretton/stimuli_toberated/main/resized_negative_faces/PA_0967.png
https://raw.githubusercontent.com/zacharybretton/stimuli_toberated/main/resized_positive_faces/AM10_HO.png,https://raw.githubusercontent.com/zacharybretton/stimuli_toberated/main/resized_positive_faces/CFD-WM-015-009-HC.png,https://raw.githubusercontent.com/zacharybretton/stimuli_toberated/main/resized_positive_faces/WM08_HC.png,https://raw.githubusercontent.com/zacharybretton/stimuli_toberated/main/resized_negative_faces/WM12_AC.png,https://raw.githubusercontent.com/zacharybretton/stimuli_toberated/main/resized_negative_faces/CFD-WF-031-015-A.png,https://raw.githubusercontent.com/zacharybretton/stimuli_toberated/main/resized_positive_faces/CFD-WM-016-002-HO.png,https://raw.githubusercontent.com/zacharybretton/stimuli_toberated/main/resized_negative_faces/CFD-WM-038-011-A.png,https://raw.githubusercontent.com/zacharybretton/stimuli_toberated/main/resized_negative_faces/BM02_AC.png,https://raw.githubusercontent.com/zacharybretton/stimuli_toberated/main/resized_positive_faces/CFD-WF-016-003-HO.png,https://raw.githubusercontent.com/zacharybretton/stimuli_toberated/main/resized_negative_faces/CFD-WF-038-030-A.png,https://raw.githubusercontent.com/zacharybretton/stimuli_toberated/main/resized_negative_faces/WF10_AC.png,https://raw.githubusercontent.com/zacharybretton/stimuli_toberated/main/resized_negative_faces/HM11_AO.png,https://raw.githubusercontent.com/zacharybretton/stimuli_toberated/main/resized_negative_faces/BF05_AC.png,https://raw.githubusercontent.com/zacharybretton/stimuli_toberated/main/resized_negative_faces/AF21ANS.png,https://raw.githubusercontent.com/zacharybretton/stimuli_toberated/main/resized_positive_faces/CFD-WM-038-005-HO.png,https://raw.githubusercontent.com/zacharybretton/stimuli_toberated/main/resized_positive_faces/CFD-BM-009-006-HC.png,https://raw.githubusercontent.com/zacharybretton/stimuli_toberated/main/resized_positive_faces/CFD-WM-019-006-HC.png,https://raw.githubusercontent.com/zacharybretton/stimuli_toberated/main/resized_negative_faces/AF05ANS.png,https://raw.githubusercontent.com/zacharybretton/stimuli_toberated/main/resized_positive_faces/AF10_HO.png,https://raw.githubusercontent.com/zacharybretton/stimuli_toberated/main/resized_positive_faces/WF05_HC.png,https://raw.githubusercontent.com/zacharybretton/stimuli_toberated/main/resized_negative_faces/CFD-WF-030-033-A.png,https://raw.githubusercontent.com/zacharybretton/stimuli_toberated/main/resized_negative_faces/AF16ANS.png,https://raw.githubusercontent.com/zacharybretton/stimuli_toberated/main/resized_positive_faces/HM10_HC.png,https://raw.githubusercontent.com/zacharybretton/stimuli_toberated/main/resized_positive_faces/BF02_HC.png
https://raw.githubusercontent.com/zacharybretton/stimuli_toberated/main/resized_negative_faces/BF08_AO.png,https://raw.githubusercontent.com/zacharybretton/stimuli_toberated/main/resized_positive_faces/AF11_HC.png,https://raw.githubusercontent.com/zacharybretton/stimuli_toberated/main/resized_negative_faces/WM05_AO.png,https://raw.githubusercontent.com/zacharybretton/stimuli_toberated/main/resized_positive_faces/PA_0112.png,https://raw.githubusercontent.com/zacharybretton/stimuli_toberated/main/resized_negative_faces/HF01_AO.png,https://raw.githubusercontent.com/zacharybretton/stimuli_toberated/main/resized_positive_faces/WM10_HO.png,https://raw.githubusercontent.com/zacharybretton/stimuli_toberated/main/resized_negative_faces/AF23ANS.png,https://raw.githubusercontent.com/zacharybretton/stimuli_toberated/main/resized_negative_faces/HF08_AO.png,https://raw.githubusercontent.com/zacharybretton/stimuli_toberated/main/resized_positive_faces/BF06_HC.png,https://raw.githubusercontent.com/zacharybretton/stimuli_toberated/main/resized_negative_faces/nan,https://raw.githubusercontent.com/zacharybretton/stimuli_toberated/main/resized_positive_faces/HF07_HC.png,https://raw.githubusercontent.com/zacharybretton/stimuli_toberated/main/resized_positive_faces/HF02_HO.png,https://raw.githubusercontent.com/zacharybretton/stimuli_toberated/main/resized_positive_faces/WM02_HC.png,https://raw.githubusercontent.com/zacharybretton/stimuli_toberated/main/resized_negative_faces/HF04_AC.png,https://raw.githubusercontent.com/zacharybretton/stimuli_toberated/main/resized_positive_faces/CFD-WF-001-010-HC.png,https://raw.githubusercontent.com/zacharybretton/stimuli_toberated/main/resized_positive_faces/BF03_HC.png,https://raw.githubusercontent.com/zacharybretton/stimuli_toberated/main/resized_negative_faces/WF01_AC.png,https://raw.githubusercontent.com/zacharybretton/stimuli_toberated/main/resized_negative_faces/WM06_AC.png,https://raw.githubusercontent.com/zacharybretton/stimuli_toberated/main/resized_negative_faces/HM02_AO.png,https://raw.githubusercontent.com/zacharybretton/stimuli_toberated/main/resized_negative_faces/AF29ANS.png,https://raw.githubusercontent.com/zacharybretton/stimuli_toberated/main/resized_positive_faces/CFD-WM-041-023-HC.png,https://raw.githubusercontent.com/zacharybretton/stimuli_toberated/main/resized_positive_faces/HM01_HC.png,https://raw.githubusercontent.com/zacharybretton/stimuli_toberated/main/resized_positive_faces/WM01_HO.png,https://raw.githubusercontent.com/zacharybretton/stimuli_toberated/main/resized_negative_faces/AF06_AC.png
https://raw.githubusercontent.com/zacharybretton/stimuli_toberated/main/resized_negative_faces/AF06ANS.png,https://raw.githubusercontent.com/zacharybretton/stimuli_toberated/main/resized_negative_faces/BM01_AO.png,https://raw.githubusercontent.com/zacharybretton/stimuli_toberated/main/resized_positive_faces/AF12_HC.png,https://raw.githubusercontent.com/zacharybretton/stimuli_toberated/main/resized_positive_faces/JG_0024.png,https://raw.githubusercontent.com/zacharybretton/stimuli_toberated/main/resized_negative_faces/BM05_AO.png,https://raw.githubusercontent.com/zacharybretton/stimuli_toberated/main/resized_negative_faces/KM_0620.png,https://raw.githubusercontent.com/zacharybretton/stimuli_toberated/main/resized_positive_faces/CFD-WM-021-006-HC.png,https://raw.githubusercontent.com/zacharybretton/stimuli_toberated/main/resized_negative_faces/HM03_AO.png,https://raw.githubusercontent.com/zacharybretton/stimuli_toberated/main/resized_negative_faces/JG_2291.png,https://raw.githubusercontent.com/zacharybretton/stimuli_toberated/main/resized_positive_faces/WF08_HO.png,https://raw.githubusercontent.com/zacharybretton/stimuli_toberated/main/resized_negative_faces/AM03_AC.png,https://raw.githubusercontent.com/zacharybretton/stimuli_toberated/main/resized_negative_faces/CFD-WM-006-022-A.png,https://raw.githubusercontent.com/zacharybretton/stimuli_toberated/main/resized_positive_faces/CFD-WF-019-035-HO.png,https://raw.githubusercontent.com/zacharybretton/stimuli_toberated/main/resized_negative_faces/RB_0586.png,https://raw.githubusercontent.com/zacharybretton/stimuli_toberated/main/resized_positive_faces/HM08_HO.png,https://raw.githubusercontent.com/zacharybretton/stimuli_toberated/main/resized_positive_faces/HM02_HC.png,https://raw.githubusercontent.com/zacharybretton/stimuli_toberated/main/resized_positive_faces/HM10_HO.png,https://raw.githubusercontent.com/zacharybretton/stimuli_toberated/main/resized_positive_faces/BF13_HO.png,https://raw.githubusercontent.com/zacharybretton/stimuli_toberated/main/resized_positive_faces/CFD-WF-006-006-HO.png,https://raw.githubusercontent.com/zacharybretton/stimuli_toberated/main/resized_positive_faces/MR2_0063.png,https://raw.githubusercontent.com/zacharybretton/stimuli_toberated/main/resized_negative_faces/BF13_AO.png,https://raw.githubusercontent.com/zacharybretton/stimuli_toberated/main/resized_negative_faces/HM10_AC.png,https://raw.githubusercontent.com/zacharybretton/stimuli_toberated/main/resized_positive_faces/CFD-WF-015-023-HC.png,https://raw.githubusercontent.com/zacharybretton/stimuli_toberated/main/resized_negative_faces/WF13_AO.png
https://raw.githubusercontent.com/zacharybretton/stimuli_toberated/main/resized_negative_faces/AF09ANS.png,https://raw.githubusercontent.com/zacharybretton/stimuli_toberated/main/resized_negative_faces/CFD-WM-022-008-A.png,https://raw.githubusercontent.com/zacharybretton/stimuli_toberated/main/resized_negative_faces/CFD-BM-009-008-A.png,https://raw.githubusercontent.com/zacharybretton/stimuli_toberated/main/resized_positive_faces/CFD-WM-032-004-HO.png,https://raw.githubusercontent.com/zacharybretton/stimuli_toberated/main/resized_positive_faces/CFD-WF-020-023-HO.png,https://raw.githubusercontent.com/zacharybretton/stimuli_toberated/main/resized_positive_faces/BF10_HC.png,https://raw.githubusercontent.com/zacharybretton/stimuli_toberated/main/resized_positive_faces/BF08_HC.png,https://raw.githubusercontent.com/zacharybretton/stimuli_toberated/main/resized_negative_faces/AF35ANS.png,https://raw.githubusercontent.com/zacharybretton/stimuli_toberated/main/resized_negative_faces/BM06_AO.png,https://raw.githubusercontent.com/zacharybretton/stimuli_toberated/main/resized_negative_faces/BF17_AC.png,https://raw.githubusercontent.com/zacharybretton/stimuli_toberated/main/resized_positive_faces/BF05_HO.png,https://raw.githubusercontent.com/zacharybretton/stimuli_toberated/main/resized_negative_faces/AF28ANS.png,https://raw.githubusercontent.com/zacharybretton/stimuli_toberated/main/resized_negative_faces/AM01_AC.png,https://raw.githubusercontent.com/zacharybretton/stimuli_toberated/main/resized_negative_faces/AF33ANS.png,https://raw.githubusercontent.com/zacharybretton/stimuli_toberated/main/resized_positive_faces/HM06_HC.png,https://raw.githubusercontent.com/zacharybretton/stimuli_toberated/main/resized_positive_faces/BF09_HC.png,https://raw.githubusercontent.com/zacharybretton/stimuli_toberated/main/resized_positive_faces/AM04_HC.png,https://raw.githubusercontent.com/zacharybretton/stimuli_toberated/main/resized_positive_faces/CFD-BM-013-014-HC.png,https://raw.githubusercontent.com/zacharybretton/stimuli_toberated/main/resized_negative_faces/CFD-WM-024-010-A.png,https://raw.githubusercontent.com/zacharybretton/stimuli_toberated/main/resized_negative_faces/BF06_AC.png,https://raw.githubusercontent.com/zacharybretton/stimuli_toberated/main/resized_positive_faces/CFD-WM-031-004-HO.png,https://raw.githubusercontent.com/zacharybretton/stimuli_toberated/main/resized_negative_faces/HM07_AO.png,https://raw.githubusercontent.com/zacharybretton/stimuli_toberated/main/resized_positive_faces/CFD-WF-036-030-HC.png,https://raw.githubusercontent.com/zacharybretton/stimuli_toberated/main/resized_positive_faces/CFD-WF-010-006-HO.png
https://raw.githubusercontent.com/zacharybretton/stimuli_toberated/main/resized_positive_faces/WF08_HC.png,https://raw.githubusercontent.com/zacharybretton/stimuli_toberated/main/resized_positive_faces/CFD-WM-022-005-HO.png,https://raw.githubusercontent.com/zacharybretton/stimuli_toberated/main/resized_negative_faces/HM02_AC.png,https://raw.githubusercontent.com/zacharybretton/stimuli_toberated/main/resized_positive_faces/WF04_HC.png,https://raw.githubusercontent.com/zacharybretton/stimuli_toberated/main/resized_positive_faces/BM13_HC.png,https://raw.githubusercontent.com/zacharybretton/stimuli_toberated/main/resized_positive_faces/CFD-WF-022-007-HC.png,https://raw.githubusercontent.com/zacharybretton/stimuli_toberated/main/resized_negative_faces/WF08_AC.png,https://raw.githubusercontent.com/zacharybretton/stimuli_toberated/main/resized_negative_faces/WM04_AC.png,https://raw.githubusercontent.com/zacharybretton/stimuli_toberated/main/resized_negative_faces/AF10_AC.png,https://raw.githubusercontent.com/zacharybretton/stimuli_toberated/main/resized_negative_faces/AM05ANS.png,https://raw.githubusercontent.com/zacharybretton/stimuli_toberated/main/resized_positive_faces/WF15_HC.png,https://raw.githubusercontent.com/zacharybretton/stimuli_toberated/main/resized_positive_faces/AM02_HO.png,https://raw.githubusercontent.com/zacharybretton/stimuli_toberated/main/resized_negative_faces/CFD-WM-010-016-A.png,https://raw.githubusercontent.com/zacharybretton/stimuli_toberated/main/resized_negative_faces/CFD-WM-034-040-A.png,https://raw.githubusercontent.com/zacharybretton/stimuli_toberated/main/resized_positive_faces/CFD-BF-002-004-HO.png,https://raw.githubusercontent.com/zacharybretton/stimuli_toberated/main/resized_negative_faces/BM08_AC.png,https://raw.githubusercontent.com/zacharybretton/stimuli_toberated/main/resized_positive_faces/AM04_HO.png,https://raw.githubusercontent.com/zacharybretton/stimuli_toberated/main/resized_negative_faces/WF13_AC.png,https://raw.githubusercontent.com/zacharybretton/stimuli_toberated/main/resized_positive_faces/HF10_HO.png,https://raw.githubusercontent.com/zacharybretton/stimuli_toberated/main/resized_negative_faces/AF08ANS.png,https://raw.githubusercontent.com/zacharybretton/stimuli_toberated/main/resized_positive_faces/CFD-WM-036-034-HO.png,https://raw.githubusercontent.com/zacharybretton/stimuli_toberated/main/resized_negative_faces/BF02_AO.png,https://raw.githubusercontent.com/zacharybretton/stimuli_toberated/main/resized_negative_faces/AM24ANS.png,https://raw.githubusercontent.com/zacharybretton/stimuli_toberated/main/resized_positive_faces/BF17_HO.png
https://raw.githubusercontent.com/zacharybretton/stimuli_toberated/main/resized_positive_faces/HM09_HO.png,https://raw.githubusercontent.com/zacharybretton/stimuli_toberated/main/resized_positive_faces/BM06_HO.png,https://raw.githubusercontent.com/zacharybretton/stimuli_toberated/main/resized_positive_faces/AM03_HC.png,https://raw.githubusercontent.com/zacharybretton/stimuli_toberated/main/resized_positive_faces/WF15_HO.png,https://raw.githubusercontent.com/zacharybretton/stimuli_toberated/main/resized_negative_faces/HM11_AC.png,https://raw.githubusercontent.com/zacharybretton/stimuli_toberated/main/resized_negative_faces/MB_1210.png,https://raw.githubusercontent.com/zacharybretton/stimuli_toberated/main/resized_positive_faces/BM02_HO.png,https://raw.githubusercontent.com/zacharybretton/stimuli_toberated/main/resized_positive_faces/SO_0028.png,https://raw.githubusercontent.com/zacharybretton/stimuli_toberated/main/resized_positive_faces/AM08_HC.png,https://raw.githubusercontent.com/zacharybretton/stimuli_toberated/main/resized_positive_faces/CFD-WF-006-003-HC.png,https://raw.githubusercontent.com/zacharybretton/stimuli_toberated/main/resized_positive_faces/PO_0124.png,https://raw.githubusercontent.com/zacharybretton/stimuli_toberated/main/resized_negative_faces/BM16_AC.png,https://raw.githubusercontent.com/zacharybretton/stimuli_toberated/main/resized_negative_faces/AF09_AC.png,https://raw.githubusercontent.com/zacharybretton/stimuli_toberated/main/resized_negative_faces/AF12_AO.png,https://raw.githubusercontent.com/zacharybretton/stimuli_toberated/main/resized_positive_faces/CFD-WF-028-025-HC.png,https://raw.githubusercontent.com/zacharybretton/stimuli_toberated/main/resized_negative_faces/BF12_AO.png,https://raw.githubusercontent.com/zacharybretton/stimuli_toberated/main/resized_negative_faces/AM13ANS.png,https://raw.githubusercontent.com/zacharybretton/stimuli_toberated/main/resized_positive_faces/CFD-WF-028-024-HO.png,https://raw.githubusercontent.com/zacharybretton/stimuli_toberated/main/resized_negative_faces/WF02_AC.png,https://raw.githubusercontent.com/zacharybretton/stimuli_toberated/main/resized_positive_faces/KL_0092.png,https://raw.githubusercontent.com/zacharybretton/stimuli_toberated/main/resized_negative_faces/WF04_AC.png,https://raw.githubusercontent.com/zacharybretton/stimuli_toberated/main/resized_negative_faces/BM15_AO.png,https://raw.githubusercontent.com/zacharybretton/stimuli_toberated/main/resized_negative_faces/AM09ANS.png,https://raw.githubusercontent.com/zacharybretton/stimuli_toberated/main/resized_negative_faces/WM04_AO.png
https://raw.githubusercontent.com/zacharybretton/stimuli_toberated/main/resized_negative_faces/BM06_AC.png,https://raw.githubusercontent.com/zacharybretton/stimuli_toberated/main/resized_positive_faces/BF18_HC.png,https://raw.githubusercontent.com/zacharybretton/stimuli_toberated/main/resized_negative_faces/CFD-WM-035-018-A.png,https://raw.githubusercontent.com/zacharybretton/stimuli_toberated/main/resized_negative_faces/WM13_AO.png,https://raw.githubusercontent.com/zacharybretton/stimuli_toberated/main/resized_positive_faces/BM06_HC.png,https://raw.githubusercontent.com/zacharybretton/stimuli_toberated/main/resized_positive_faces/CFD-WM-010-007-HC.png,https://raw.githubusercontent.com/zacharybretton/stimuli_toberated/main/resized_positive_faces/MJ_0066.png,https://raw.githubusercontent.com/zacharybretton/stimuli_toberated/main/resized_negative_faces/AM17ANS.png,https://raw.githubusercontent.com/zacharybretton/stimuli_toberated/main/resized_negative_faces/AM12ANS.png,https://raw.githubusercontent.com/zacharybretton/stimuli_toberated/main/resized_negative_faces/WF14_AC.png,https://raw.githubusercontent.com/zacharybretton/stimuli_toberated/main/resized_negative_faces/CFD-WF-005-022-A.png,https://raw.githubusercontent.com/zacharybretton/stimuli_toberated/main/resized_negative_faces/HM03_AC.png,https://raw.githubusercontent.com/zacharybretton/stimuli_toberated/main/resized_negative_faces/OG_6484.png,https://raw.githubusercontent.com/zacharybretton/stimuli_toberated/main/resized_positive_faces/WF10_HC.png,https://raw.githubusercontent.com/zacharybretton/stimuli_toberated/main/resized_positive_faces/BM08_HO.png,https://raw.githubusercontent.com/zacharybretton/stimuli_toberated/main/resized_negative_faces/AF09_AO.png,https://raw.githubusercontent.com/zacharybretton/stimuli_toberated/main/resized_positive_faces/WM09_HO.png,https://raw.githubusercontent.com/zacharybretton/stimuli_toberated/main/resized_negative_faces/AM06_AC.png,https://raw.githubusercontent.com/zacharybretton/stimuli_toberated/main/resized_positive_faces/CFD-WM-036-037-HC.png,https://raw.githubusercontent.com/zacharybretton/stimuli_toberated/main/resized_positive_faces/AM03_HO.png,https://raw.githubusercontent.com/zacharybretton/stimuli_toberated/main/resized_positive_faces/HM01_HO.png,https://raw.githubusercontent.com/zacharybretton/stimuli_toberated/main/resized_positive_faces/CFD-WM-001-007-HC.png,https://raw.githubusercontent.com/zacharybretton/stimuli_toberated/main/resized_positive_faces/CFD-WF-020-007-HC.png,https://raw.githubusercontent.com/zacharybretton/stimuli_toberated/main/resized_negative_faces/CFD-WF-018-012-A.png
https://raw.githubusercontent.com/zacharybretton/stimuli_toberated/main/resized_negative_faces/WM08_AO.png,https://raw.githubusercontent.com/zacharybretton/stimuli_toberated/main/resized_negative_faces/CFD-WM-017-011-A.png,https://raw.githubusercontent.com/zacharybretton/stimuli_toberated/main/resized_positive_faces/BM14_HO.png,https://raw.githubusercontent.com/zacharybretton/stimuli_toberated/main/resized_positive_faces/AM07_HO.png,https://raw.githubusercontent.com/zacharybretton/stimuli_toberated/main/resized_positive_faces/BM13_HO.png,https://raw.githubusercontent.com/zacharybretton/stimuli_toberated/main/resized_positive_faces/CFD-WF-018-019-HC.png,https://raw.githubusercontent.com/zacharybretton/stimuli_toberated/main/resized_positive_faces/CFD-WM-026-004-HC.png,https://raw.githubusercontent.com/zacharybretton/stimuli_toberated/main/resized_positive_faces/WM04_HO.png,https://raw.githubusercontent.com/zacharybretton/stimuli_toberated/main/resized_negative_faces/HM04_AC.png,https://raw.githubusercontent.com/zacharybretton/stimuli_toberated/main/resized_negative_faces/AF12_AC.png,https://raw.githubusercontent.com/zacharybretton/stimuli_toberated/main/resized_negative_faces/AF05_AO.png,https://raw.githubusercontent.com/zacharybretton/stimuli_toberated/main/resized_negative_faces/WF03_AC.png,https://raw.githubusercontent.com/zacharybretton/stimuli_toberated/main/resized_positive_faces/RA_0317.png,https://raw.githubusercontent.com/zacharybretton/stimuli_toberated/main/resized_positive_faces/AF10_HC.png,https://raw.githubusercontent.com/zacharybretton/stimuli_toberated/main/resized_negative_faces/AM25ANS.png,https://raw.githubusercontent.com/zacharybretton/stimuli_toberated/main/resized_positive_faces/CFD-WF-011-003-HO.png,https://raw.githubusercontent.com/zacharybretton/stimuli_toberated/main/resized_positive_faces/HM02_HO.png,https://raw.githubusercontent.com/zacharybretton/stimuli_toberated/main/resized_negative_faces/BF18_AC.png,https://raw.githubusercontent.com/zacharybretton/stimuli_toberated/main/resized_negative_faces/HM06_AO.png,https://raw.githubusercontent.com/zacharybretton/stimuli_toberated/main/resized_positive_faces/HM05_HC.png,https://raw.githubusercontent.com/zacharybretton/stimuli_toberated/main/resized_negative_faces/AM27ANS.png,https://raw.githubusercontent.com/zacharybretton/stimuli_toberated/main/resized_positive_faces/HM07_HC.png,https://raw.githubusercontent.com/zacharybretton/stimuli_toberated/main/resized_negative_faces/BM04_AO.png,https://raw.githubusercontent.com/zacharybretton/stimuli_toberated/main/resized_negative_faces/HM08_AO.png
https://raw.githubusercontent.com/zacharybretton/stimuli_toberated/main/resized_positive_faces/CFD-WM-003-003-HO.png,https://raw.githubusercontent.com/zacharybretton/stimuli_toberated/main/resized_negative_faces/WM01_AC.png,https://raw.githubusercontent.com/zacharybretton/stimuli_toberated/main/resized_positive_faces/WF13_HC.png,https://raw.githubusercontent.com/zacharybretton/stimuli_toberated/main/resized_negative_faces/CFD-WF-009-010-A.png,https://raw.githubusercontent.com/zacharybretton/stimuli_toberated/main/resized_negative_faces/WM09_AC.png,https://raw.githubusercontent.com/zacharybretton/stimuli_toberated/main/resized_negative_faces/WF03_AO.png,https://raw.githubusercontent.com/zacharybretton/stimuli_toberated/main/resized_positive_faces/WM03_HC.png,https://raw.githubusercontent.com/zacharybretton/stimuli_toberated/main/resized_positive_faces/CFD-WM-025-018-HC.png,https://raw.githubusercontent.com/zacharybretton/stimuli_toberated/main/resized_positive_faces/WF12_HC.png,https://raw.githubusercontent.com/zacharybretton/stimuli_toberated/main/resized_positive_faces/WM05_HC.png,https://raw.githubusercontent.com/zacharybretton/stimuli_toberated/main/resized_positive_faces/BF07_HC.png,https://raw.githubusercontent.com/zacharybretton/stimuli_toberated/main/resized_positive_faces/HF08_HO.png,https://raw.githubusercontent.com/zacharybretton/stimuli_toberated/main/resized_negative_faces/AF31ANS.png,https://raw.githubusercontent.com/zacharybretton/stimuli_toberated/main/resized_negative_faces/WM07_AC.png,https://raw.githubusercontent.com/zacharybretton/stimuli_toberated/main/resized_negative_faces/CFD-BF-003-016-A.png,https://raw.githubusercontent.com/zacharybretton/stimuli_toberated/main/resized_positive_faces/CFD-WM-017-003-HC.png,https://raw.githubusercontent.com/zacharybretton/stimuli_toberated/main/resized_positive_faces/CFD-WF-033-041-HC.png,https://raw.githubusercontent.com/zacharybretton/stimuli_toberated/main/resized_positive_faces/CFD-WF-021-016-HO.png,https://raw.githubusercontent.com/zacharybretton/stimuli_toberated/main/resized_positive_faces/RB_0329.png,https://raw.githubusercontent.com/zacharybretton/stimuli_toberated/main/resized_negative_faces/WM02_AC.png,https://raw.githubusercontent.com/zacharybretton/stimuli_toberated/main/resized_negative_faces/HF10_AC.png,https://raw.githubusercontent.com/zacharybretton/stimuli_toberated/main/resized_negative_faces/CFD-WM-015-017-A.png,https://raw.githubusercontent.com/zacharybretton/stimuli_toberated/main/resized_negative_faces/CFD-WF-034-016-A.png,https://raw.githubusercontent.com/zacharybretton/stimuli_toberated/main/resized_negative_faces/BM07_AO.png
https://raw.githubusercontent.com/zacharybretton/stimuli_toberated/main/resized_positive_faces/CFD-WM-024-007-HC.png,https://raw.githubusercontent.com/zacharybretton/stimuli_toberated/main/resized_negative_faces/HM09_AC.png,https://raw.githubusercontent.com/zacharybretton/stimuli_toberated/main/resized_positive_faces/HF03_HO.png,https://raw.githubusercontent.com/zacharybretton/stimuli_toberated/main/resized_negative_faces/MG_1317.png,https://raw.githubusercontent.com/zacharybretton/stimuli_toberated/main/resized_positive_faces/CFD-WM-034-035-HO.png,https://raw.githubusercontent.com/zacharybretton/stimuli_toberated/main/resized_positive_faces/WF14_HC.png,https://raw.githubusercontent.com/zacharybretton/stimuli_toberated/main/resized_negative_faces/AM02_AC.png,https://raw.githubusercontent.com/zacharybretton/stimuli_toberated/main/resized_negative_faces/HF07_AO.png,https://raw.githubusercontent.com/zacharybretton/stimuli_toberated/main/resized_positive_faces/HF05_HC.png,https://raw.githubusercontent.com/zacharybretton/stimuli_toberated/main/resized_negative_faces/WF12_AO.png,https://raw.githubusercontent.com/zacharybretton/stimuli_toberated/main/resized_positive_faces/KM_0137.png,https://raw.githubusercontent.com/zacharybretton/stimuli_toberated/main/resized_positive_faces/CFD-WF-035-027-HO.png,https://raw.githubusercontent.com/zacharybretton/stimuli_toberated/main/resized_positive_faces/BF12_HO.png,https://raw.githubusercontent.com/zacharybretton/stimuli_toberated/main/resized_negative_faces/CFD-WM-014-013-A.png,https://raw.githubusercontent.com/zacharybretton/stimuli_toberated/main/resized_negative_faces/WM03_AC.png,https://raw.githubusercontent.com/zacharybretton/stimuli_toberated/main/resized_negative_faces/CFD-WM-031-045-A.png,https://raw.githubusercontent.com/zacharybretton/stimuli_toberated/main/resized_negative_faces/BF19_AC.png,https://raw.githubusercontent.com/zacharybretton/stimuli_toberated/main/resized_positive_faces/WF07_HO.png,https://raw.githubusercontent.com/zacharybretton/stimuli_toberated/main/resized_positive_faces/CFD-WF-012-004-HC.png,https://raw.githubusercontent.com/zacharybretton/stimuli_toberated/main/resized_positive_faces/BF09_HO.png,https://raw.githubusercontent.com/zacharybretton/stimuli_toberated/main/resized_negative_faces/HF05_AC.png,https://raw.githubusercontent.com/zacharybretton/stimuli_toberated/main/resized_negative_faces/CFD-BM-002-016-A.png,https://raw.githubusercontent.com/zacharybretton/stimuli_toberated/main/resized_positive_faces/HM07_HO.png,https://raw.githubusercontent.com/zacharybretton/stimuli_toberated/main/resized_negative_faces/AG_1314.png
https://raw.githubusercontent.com/zacharybretton/stimuli_toberated/main/resized_positive_faces/PS_0236.png,https://raw.githubusercontent.com/zacharybretton/stimuli_toberated/main/resized_positive_faces/BF17_HC.png,https://raw.githubusercontent.com/zacharybretton/stimuli_toberated/main/resized_positive_faces/KS_4222.png,https://raw.githubusercontent.com/zacharybretton/stimuli_toberated/main/resized_positive_faces/CFD-WM-040-023-HO.png,https://raw.githubusercontent.com/zacharybretton/stimuli_toberated/main/resized_positive_faces/WM08_HO.png,https://raw.githubusercontent.com/zacharybretton/stimuli_toberated/main/resized_negative_faces/KO_0251.png,https://raw.githubusercontent.com/zacharybretton/stimuli_toberated/main/resized_positive_faces/BF10_HO.png,https://raw.githubusercontent.com/zacharybretton/stimuli_toberated/main/resized_positive_faces/CFD-WF-035-030-HC.png,https://raw.githubusercontent.com/zacharybretton/stimuli_toberated/main/resized_negative_faces/CFD-WF-002-033-A.png,https://raw.githubusercontent.com/zacharybretton/stimuli_toberated/main/resized_negative_faces/AM05_AO.png,https://raw.githubusercontent.com/zacharybretton/stimuli_toberated/main/resized_positive_faces/WF13_HO.png,https://raw.githubusercontent.com/zacharybretton/stimuli_toberated/main/resized_negative_faces/MR_2450.png,https://raw.githubusercontent.com/zacharybretton/stimuli_toberated/main/resized_negative_faces/WM12_AO.png,https://raw.githubusercontent.com/zacharybretton/stimuli_toberated/main/resized_positive_faces/CFD-WM-035-036-HC.png,https://raw.githubusercontent.com/zacharybretton/stimuli_toberated/main/resized_negative_faces/CFD-BM-003-030-A.png,https://raw.githubusercontent.com/zacharybretton/stimuli_toberated/main/resized_positive_faces/WF05_HO.png,https://raw.githubusercontent.com/zacharybretton/stimuli_toberated/main/resized_negative_faces/CFD-WM-033-014-A.png,https://raw.githubusercontent.com/zacharybretton/stimuli_toberated/main/resized_positive_faces/CFD-WF-039-005-HO.png,https://raw.githubusercontent.com/zacharybretton/stimuli_toberated/main/resized_positive_faces/JS_0281.png,https://raw.githubusercontent.com/zacharybretton/stimuli_toberated/main/resized_negative_faces/WM02_AO.png,https://raw.githubusercontent.com/zacharybretton/stimuli_toberated/main/resized_negative_faces/WF10_AO.png,https://raw.githubusercontent.com/zacharybretton/stimuli_toberated/main/resized_negative_faces/DC_1317_E.png,https://raw.githubusercontent.com/zacharybretton/stimuli_toberated/main/resized_negative_faces/AM01_AO.png,https://raw.githubusercontent.com/zacharybretton/stimuli_toberated/main/resized_negative_faces/WF02_AO.png
https://raw.githubusercontent.com/zacharybretton/stimuli_toberated/main/resized_negative_faces/CFD-WM-040-007-A.png,https://raw.githubusercontent.com/zacharybretton/stimuli_toberated/main/resized_negative_faces/CFD-WM-039-010-A.png,https://raw.githubusercontent.com/zacharybretton/stimuli_toberated/main/resized_positive_faces/BM12_HO.png,https://raw.githubusercontent.com/zacharybretton/stimuli_toberated/main/resized_positive_faces/WM05_HO.png,https://raw.githubusercontent.com/zacharybretton/stimuli_toberated/main/resized_negative_faces/BF15_AO.png,https://raw.githubusercontent.com/zacharybretton/stimuli_toberated/main/resized_positive_faces/CFD-WF-008-005-HC.png,https://raw.githubusercontent.com/zacharybretton/stimuli_toberated/main/resized_negative_faces/AF01_AC.png,https://raw.githubusercontent.com/zacharybretton/stimuli_toberated/main/resized_negative_faces/AM08_AO.png,https://raw.githubusercontent.com/zacharybretton/stimuli_toberated/main/resized_negative_faces/AM23ANS.png,https://raw.githubusercontent.com/zacharybretton/stimuli_toberated/main/resized_negative_faces/CFD-WF-017-023-A.png,https://raw.githubusercontent.com/zacharybretton/stimuli_toberated/main/resized_negative_faces/AF02ANS.png,https://raw.githubusercontent.com/zacharybretton/stimuli_toberated/main/resized_positive_faces/WF12_HO.png,https://raw.githubusercontent.com/zacharybretton/stimuli_toberated/main/resized_negative_faces/CFD-WM-004-011-A.png,https://raw.githubusercontent.com/zacharybretton/stimuli_toberated/main/resized_positive_faces/BF21_HO.png,https://raw.githubusercontent.com/zacharybretton/stimuli_toberated/main/resized_negative_faces/WM09_AO.png,https://raw.githubusercontent.com/zacharybretton/stimuli_toberated/main/resized_negative_faces/WM01_AO.png,https://raw.githubusercontent.com/zacharybretton/stimuli_toberated/main/resized_positive_faces/CFD-WM-010-004-HO.png,https://raw.githubusercontent.com/zacharybretton/stimuli_toberated/main/resized_positive_faces/CFD-WM-039-004-HC.png,https://raw.githubusercontent.com/zacharybretton/stimuli_toberated/main/resized_positive_faces/CFD-WM-038-007-HC.png,https://raw.githubusercontent.com/zacharybretton/stimuli_toberated/main/resized_positive_faces/AF07_HC.png,https://raw.githubusercontent.com/zacharybretton/stimuli_toberated/main/resized_negative_faces/CFD-WM-003-008-A.png,https://raw.githubusercontent.com/zacharybretton/stimuli_toberated/main/resized_positive_faces/AF03_HO.png,https://raw.githubusercontent.com/zacharybretton/stimuli_toberated/main/resized_positive_faces/CFD-WM-020-005-HC.png,https://raw.githubusercontent.com/zacharybretton/stimuli_toberated/main/resized_positive_faces/CFD-WM-021-004-HO.png
https://raw.githubusercontent.com/zacharybretton/stimuli_toberated/main/resized_negative_faces/WM11_AC.png,https://raw.githubusercontent.com/zacharybretton/stimuli_toberated/main/resized_positive_faces/CFD-WM-015-005-HO.png,https://raw.githubusercontent.com/zacharybretton/stimuli_toberated/main/resized_positive_faces/CFD-WF-003-004-HO.png,https://raw.githubusercontent.com/zacharybretton/stimuli_toberated/main/resized_negative_faces/HM04_AO.png,https://raw.githubusercontent.com/zacharybretton/stimuli_toberated/main/resized_negative_faces/HF07_AC.png,https://raw.githubusercontent.com/zacharybretton/stimuli_toberated/main/resized_positive_faces/WM07_HC.png,https://raw.githubusercontent.com/zacharybretton/stimuli_toberated/main/resized_positive_faces/WF06_HO.png,https://raw.githubusercontent.com/zacharybretton/stimuli_toberated/main/resized_negative_faces/WF11_AO.png,https://raw.githubusercontent.com/zacharybretton/stimuli_toberated/main/resized_negative_faces/BM11_AO.png,https://raw.githubusercontent.com/zacharybretton/stimuli_toberated/main/resized_positive_faces/CFD-WM-006-013-HC.png,https://raw.githubusercontent.com/zacharybretton/stimuli_toberated/main/resized_positive_faces/BM16_HO.png,https://raw.githubusercontent.com/zacharybretton/stimuli_toberated/main/resized_positive_faces/HM11_HC.png,https://raw.githubusercontent.com/zacharybretton/stimuli_toberated/main/resized_positive_faces/CFD-WF-024-010-HC.png,https://raw.githubusercontent.com/zacharybretton/stimuli_toberated/main/resized_negative_faces/JS_2296.png,https://raw.githubusercontent.com/zacharybretton/stimuli_toberated/main/resized_positive_faces/BM15_HC.png,https://raw.githubusercontent.com/zacharybretton/stimuli_toberated/main/resized_negative_faces/CFD-BM-010-019-A.png,https://raw.githubusercontent.com/zacharybretton/stimuli_toberated/main/resized_negative_faces/CFD-WF-029-026-A.png,https://raw.githubusercontent.com/zacharybretton/stimuli_toberated/main/resized_negative_faces/BF09_AO.png,https://raw.githubusercontent.com/zacharybretton/stimuli_toberated/main/resized_positive_faces/CFD-WF-037-034-HC.png,https://raw.githubusercontent.com/zacharybretton/stimuli_toberated/main/resized_negative_faces/CFD-WF-014-012-A.png,https://raw.githubusercontent.com/zacharybretton/stimuli_toberated/main/resized_positive_faces/HF04_HO.png,https://raw.githubusercontent.com/zacharybretton/stimuli_toberated/main/resized_positive_faces/HM03_HC.png,https://raw.githubusercontent.com/zacharybretton/stimuli_toberated/main/resized_negative_faces/AM31ANS.png,https://raw.githubusercontent.com/zacharybretton/stimuli_toberated/main/resized_negative_faces/AM28ANS.png
https://raw.githubusercontent.com/zacharybretton/stimuli_toberated/main/resized_positive_faces/MR_0055.png,https://raw.githubusercontent.com/zacharybretton/stimuli_toberated/main/resized_positive_faces/WF10_HO.png,https://raw.githubusercontent.com/zacharybretton/stimuli_toberated/main/resized_negative_faces/nan,https://raw.githubusercontent.com/zacharybretton/stimuli_toberated/main/resized_positive_faces/AF05_HC.png,https://raw.githubusercontent.com/zacharybretton/stimuli_toberated/main/resized_negative_faces/PS_0100.png,https://raw.githubusercontent.com/zacharybretton/stimuli_toberated/main/resized_positive_faces/CFD-WF-003-007-HC.png,https://raw.githubusercontent.com/zacharybretton/stimuli_toberated/main/resized_negative_faces/CFD-WM-019-013-A.png,https://raw.githubusercontent.com/zacharybretton/stimuli_toberated/main/resized_negative_faces/WM13_AC.png,https://raw.githubusercontent.com/zacharybretton/stimuli_toberated/main/resized_negative_faces/CFD-WF-007-029-A.png,https://raw.githubusercontent.com/zacharybretton/stimuli_toberated/main/resized_positive_faces/CFD-WM-034-032-HC.png,https://raw.githubusercontent.com/zacharybretton/stimuli_toberated/main/resized_positive_faces/WM12_HO.png,https://raw.githubusercontent.com/zacharybretton/stimuli_toberated/main/resized_negative_faces/WF14_AO.png,https://raw.githubusercontent.com/zacharybretton/stimuli_toberated/main/resized_negative_faces/AF18ANS.png,https://raw.githubusercontent.com/zacharybretton/stimuli_toberated/main/resized_negative_faces/AM29ANS.png,https://raw.githubusercontent.com/zacharybretton/stimuli_toberated/main/resized_negative_faces/AF01_AO.png,https://raw.githubusercontent.com/zacharybretton/stimuli_toberated/main/resized_positive_faces/CFD-WM-002-007-HO.png,https://raw.githubusercontent.com/zacharybretton/stimuli_toberated/main/resized_positive_faces/AM11_HO.png,https://raw.githubusercontent.com/zacharybretton/stimuli_toberated/main/resized_positive_faces/BM15_HO.png,https://raw.githubusercontent.com/zacharybretton/stimuli_toberated/main/resized_positive_faces/WM09_HC.png,https://raw.githubusercontent.com/zacharybretton/stimuli_toberated/main/resized_negative_faces/BF10_AC.png,https://raw.githubusercontent.com/zacharybretton/stimuli_toberated/main/resized_positive_faces/WM13_HO.png,https://raw.githubusercontent.com/zacharybretton/stimuli_toberated/main/resized_negative_faces/CFD-WM-029-014-A.png,https://raw.githubusercontent.com/zacharybretton/stimuli_toberated/main/resized_positive_faces/CFD-WM-028-007-HO.png,https://raw.githubusercontent.com/zacharybretton/stimuli_toberated/main/resized_negative_faces/nan
https://raw.githubusercontent.com/zacharybretton/stimuli_toberated/main/resized_negative_faces/004_o_m_a_a.png,https://raw.githubusercontent.com/zacharybretton/stimuli_toberated/main/resized_positive_faces/CFD-WF-017-015-HO.png,https://raw.githubusercontent.com/zacharybretton/stimuli_toberated/main/resized_negative_faces/BF06_AO.png,https://raw.githubusercontent.com/zacharybretton/stimuli_toberated/main/resized_negative_faces/RA_1786.png,https://raw.githubusercontent.com/zacharybretton/stimuli_toberated/main/resized_positive_faces/CFD-WF-030-003-HO.png,https://raw.githubusercontent.com/zacharybretton/stimuli_toberated/main/resized_negative_faces/BM17_AO.png,https://raw.githubusercontent.com/zacharybretton/stimuli_toberated/main/resized_negative_faces/BM03_AC.png,https://raw.githubusercontent.com/zacharybretton/stimuli_toberated/main/resized_negative_faces/BF15_AC.png,https://raw.githubusercontent.com/zacharybretton/stimuli_toberated/main/resized_positive_faces/AD_7950.png,https://raw.githubusercontent.com/zacharybretton/stimuli_toberated/main/resized_positive_faces/KO_0277.png,https://raw.githubusercontent.com/zacharybretton/stimuli_toberated/main/resized_positive_faces/CFD-BM-015-017-HC.png,https://raw.githubusercontent.com/zacharybretton/stimuli_toberated/main/resized_positive_faces/MR1_0132.png,https://raw.githubusercontent.com/zacharybretton/stimuli_toberated/main/resized_negative_faces/nan,https://raw.githubusercontent.com/zacharybretton/stimuli_toberated/main/resized_positive_faces/CFD-WM-018-004-HO.png,https://raw.githubusercontent.com/zacharybretton/stimuli_toberated/main/resized_positive_faces/PB_0499.png,https://raw.githubusercontent.com/zacharybretton/stimuli_toberated/main/resized_negative_faces/MJ_0152.png,https://raw.githubusercontent.com/zacharybretton/stimuli_toberated/main/resized_positive_faces/WM11_HC.png,https://raw.githubusercontent.com/zacharybretton/stimuli_toberated/main/resized_positive_faces/CFD-WF-008-003-HO.png,https://raw.githubusercontent.com/zacharybretton/stimuli_toberated/main/resized_negative_faces/CFD-WM-037-060-A.png,https://raw.githubusercontent.com/zacharybretton/stimuli_toberated/main/resized_negative_faces/AM19ANS.png,https://raw.githubusercontent.com/zacharybretton/stimuli_toberated/main/resized_negative_faces/CFD-WF-036-015-A.png,https://raw.githubusercontent.com/zacharybretton/stimuli_toberated/main/resized_positive_faces/BM09_HO.png,https://raw.githubusercontent.com/zacharybretton/stimuli_toberated/main/resized_negative_faces/WF01_AO.png,https://raw.githubusercontent.com/zacharybretton/stimuli_toberated/main/resized_positive_faces/CFD-WM-037-034-HO.png
https://raw.githubusercontent.com/zacharybretton/stimuli_toberated/main/resized_positive_faces/CFD-WM-012-005-HO.png,https://raw.githubusercontent.com/zacharybretton/stimuli_toberated/main/resized_negative_faces/CFD-BM-011-020-A.png,https://raw.githubusercontent.com/zacharybretton/stimuli_toberated/main/resized_positive_faces/AF06_HO.png,https://raw.githubusercontent.com/zacharybretton/stimuli_toberated/main/resized_negative_faces/CFD-WF-022-023-A.png,https://raw.githubusercontent.com/zacharybretton/stimuli_toberated/main/resized_positive_faces/MK1_0461.png,https://raw.githubusercontent.com/zacharybretton/stimuli_toberated/main/resized_negative_faces/WM05_AC.png,https://raw.githubusercontent.com/zacharybretton/stimuli_toberated/main/resized_negative_faces/BF19_AO.png,https://raw.githubusercontent.com/zacharybretton/stimuli_toberated/main/resized_positive_faces/AF07_HO.png,https://raw.githubusercontent.com/zacharybretton/stimuli_toberated/main/resized_negative_faces/CFD-WM-025-008-A.png,https://raw.githubusercontent.com/zacharybretton/stimuli_toberated/main/resized_positive_faces/CFD-WM-032-008-HC.png,https://raw.githubusercontent.com/zacharybretton/stimuli_toberated/main/resized_positive_faces/CFD-WF-012-007-HO.png,https://raw.githubusercontent.com/zacharybretton/stimuli_toberated/main/resized_negative_faces/AF03_AC.png,https://raw.githubusercontent.com/zacharybretton/stimuli_toberated/main/resized_negative_faces/BM12_AC.png,https://raw.githubusercontent.com/zacharybretton/stimuli_toberated/main/resized_positive_faces/WM01_HC.png,https://raw.githubusercontent.com/zacharybretton/stimuli_toberated/main/resized_negative_faces/BF08_AC.png,https://raw.githubusercontent.com/zacharybretton/stimuli_toberated/main/resized_negative_faces/AF02_AO.png,https://raw.githubusercontent.com/zacharybretton/stimuli_toberated/main/resized_positive_faces/AF01_HC.png,https://raw.githubusercontent.com/zacharybretton/stimuli_toberated/main/resized_positive_faces/CFD-WF-038-023-HO.png,https://raw.githubusercontent.com/zacharybretton/stimuli_toberated/main/resized_negative_faces/CFD-WF-019-015-A.png,https://raw.githubusercontent.com/zacharybretton/stimuli_toberated/main/resized_negative_faces/006_y_m_a_a.png,https://raw.githubusercontent.com/zacharybretton/stimuli_toberated/main/resized_positive_faces/CFD-WM-011-003-HO.png,https://raw.githubusercontent.com/zacharybretton/stimuli_toberated/main/resized_positive_faces/CFD-WF-001-009-HO.png,https://raw.githubusercontent.com/zacharybretton/stimuli_toberated/main/resized_positive_faces/CFD-WF-025-006-HO.png,https://raw.githubusercontent.com/zacharybretton/stimuli_toberated/main/resized_negative_faces/PO_0951.png
https://raw.githubusercontent.com/zacharybretton/stimuli_toberated/main/resized_positive_faces/CFD-WM-033-007-HO.png,https://raw.githubusercontent.com/zacharybretton/stimuli_toberated/main/resized_negative_faces/BM09_AC.png,https://raw.githubusercontent.com/zacharybretton/stimuli_toberated/main/resized_positive_faces/CFD-WF-023-020-HO.png,https://raw.githubusercontent.com/zacharybretton/stimuli_toberated/main/resized_negative_faces/CFD-WF-028-026-A.png,https://raw.githubusercontent.com/zacharybretton/stimuli_toberated/main/resized_positive_faces/CFD-WF-014-004-HO.png,https://raw.githubusercontent.com/zacharybretton/stimuli_toberated/main/resized_positive_faces/CFD-WM-004-005-HC.png,https://raw.githubusercontent.com/zacharybretton/stimuli_toberated/main/resized_positive_faces/AF06_HC.png,https://raw.githubusercontent.com/zacharybretton/stimuli_toberated/main/resized_negative_faces/BF21_AC.png,https://raw.githubusercontent.com/zacharybretton/stimuli_toberated/main/resized_negative_faces/AM10ANS.png,https://raw.githubusercontent.com/zacharybretton/stimuli_toberated/main/resized_positive_faces/HM11_HO.png,https://raw.githubusercontent.com/zacharybretton/stimuli_toberated/main/resized_negative_faces/AF02_AC.png,https://raw.githubusercontent.com/zacharybretton/stimuli_toberated/main/resized_negative_faces/AM06ANS.png,https://raw.githubusercontent.com/zacharybretton/stimuli_toberated/main/resized_positive_faces/WM12_HC.png,https://raw.githubusercontent.com/zacharybretton/stimuli_toberated/main/resized_positive_faces/BF19_HC.png,https://raw.githubusercontent.com/zacharybretton/stimuli_toberated/main/resized_negative_faces/CFD-WM-028-029-A.png,https://raw.githubusercontent.com/zacharybretton/stimuli_toberated/main/resized_negative_faces/CFD-WF-011-011-A.png,https://raw.githubusercontent.com/zacharybretton/stimuli_toberated/main/resized_positive_faces/AF05_HO.png,https://raw.githubusercontent.com/zacharybretton/stimuli_toberated/main/resized_positive_faces/CFD-WM-014-008-HC.png,https://raw.githubusercontent.com/zacharybretton/stimuli_toberated/main/resized_negative_faces/KA_1616.png,https://raw.githubusercontent.com/zacharybretton/stimuli_toberated/main/resized_negative_faces/AF01ANS.png,https://raw.githubusercontent.com/zacharybretton/stimuli_toberated/main/resized_positive_faces/BF08_HO.png,https://raw.githubusercontent.com/zacharybretton/stimuli_toberated/main/resized_positive_faces/BM04_HC.png,https://raw.githubusercontent.com/zacharybretton/stimuli_toberated/main/resized_negative_faces/AF34ANS.png,https://raw.githubusercontent.com/zacharybretton/stimuli_toberated/main/resized_negative_faces/nan
